raman_shift,arithmetic_mean,spline_mean,robust_median,wasserstein_barycenter
400.0,0.0048004134927646346,0.004750589540490741,0.004552618449120855,0.002511373012566096
401.25,0.0024661961962158226,0.002481737892401035,0.00236023391210056,0.002526255099529046
402.5,0.0016788807866526415,0.0017241850293608942,0.0015089746288736864,0.002541115052882788
403.75,0.0016938110505388653,0.0017123244248452743,0.001510945419434768,0.002555951859728324
405.0,0.0017992911448557155,0.001825943969203365,0.0016922737088455521,0.00257076451596259
406.25,0.0021082410721149705,0.0020926292123254007,0.0019863795001459805,0.002585552026625474
407.5,0.002425983840258561,0.002411424059214327,0.0022581722486790376,0.002600313406244156
408.75,0.002735791378715423,0.0027133593367973385,0.0025218685756383703,0.0026150476791781717
410.0,0.0028422272399217957,0.0027858709819321838,0.002639400212850149,0.0026297538799606494
411.25,0.0025399730591886736,0.002521311031981253,0.002389983226318133,0.0026444310536404394
412.5,0.002187735463154762,0.002206594278304609,0.0021131142757537633,0.002659078256120873
413.75,0.0021395720250375954,0.0022551979834862118,0.002092972396055123,0.0026736945544958745
415.0,0.002716906529368881,0.00277500863641984,0.0026329323301014433,0.0026882790273871737
416.25,0.0035882411190713993,0.0035213176706001114,0.0034701600883565273,0.002702830765275247
417.5,0.0040016225924355,0.0038399961026690365,0.0038823130561177416,0.002717348870831086
418.75,0.0037213545716399355,0.003700107920161747,0.0035999074562603423,0.0027318324592441007
420.0,0.003371497356179012,0.003517296713444821,0.0032320616230111718,0.0027462806585470847
421.25,0.003476695811770779,0.003479867942922521,0.003340299859188633,0.00276069260993916
422.5,0.0036459200643101037,0.003574456623544613,0.003510477555715756,0.0027750674681048465
423.75,0.0034022427315041825,0.0035224600213154943,0.003294267039636117,0.002789404401531026
425.0,0.0035683086165623516,0.003685986751099568,0.003444740277744518,0.002803702592820193
426.25,0.004185091975691004,0.004097012383566496,0.004059727036245552,0.0028179612389993293
427.5,0.004637755450582805,0.004511693378909362,0.004480936750044894,0.0028321795518270023
428.75,0.0045681662684890515,0.004580827055602463,0.004399580045397658,0.0028463567580952545
430.0,0.004650586092763257,0.004643601333963188,0.004380386198251181,0.00286049209992815
431.25,0.00482692434566801,0.004794740157004852,0.0044759836829219,0.0028745848350763678
432.5,0.004945210903704276,0.00498627475005116,0.004569953647966322,0.0028886342372069504
433.75,0.0052071420077449216,0.005184031226728824,0.004910712536087994,0.002902639596190393
435.0,0.0053052501531443575,0.005212992702856636,0.005099795458651005,0.002916600218380991
436.25,0.004824066566582821,0.004810279770627841,0.004647607400589629,0.0029305154268933287
437.5,0.004274432872729281,0.004319508893115827,0.004071066430702793,0.0029443845618759993
438.75,0.004109343372114202,0.0041431183395287405,0.0039254861233213026,0.002958206980777068
440.0,0.004103949445645672,0.004104238411288986,0.003949877195480292,0.0029719820586061895
441.25,0.003928537014731848,0.00398762977021977,0.0037284371962196324,0.002985709188192657
442.5,0.0038325976448021497,0.003915175509061754,0.0035522240640154675,0.002999387780434552
443.75,0.0037796939537458846,0.003799723384614481,0.003523129322877093,0.0030130172645481015
445.0,0.0037379683654547072,0.0037251824159179325,0.0035446978027456537,0.0030265970883036333
446.25,0.003668400177488536,0.0036644957756737638,0.003494756600299528,0.003040126718263343
447.5,0.0035493945769648895,0.0035471543053863827,0.0033666781727907345,0.0030536056400090384
448.75,0.0033662439694843492,0.003315074308756585,0.003181354045322157,0.0030670333583635127
450.0,0.003049246167480564,0.0031090782190952996,0.002903765437976001,0.003080409397608219
451.25,0.0029142575694967817,0.002972824959110916,0.0027854401066744927,0.003093733301692329
452.5,0.002982952177618345,0.002939632980015804,0.0028583747315610556,0.003107004634437505
453.75,0.0030445065149559475,0.0029751678731900974,0.0029009266607389374,0.0031202229797331104
455.0,0.0029948545498167697,0.002989695244147854,0.002841709644806311,0.003133387941727998
456.25,0.0029324478133607662,0.002896848394054034,0.002766125421479261,0.003146499145013001
457.5,0.002860543299426874,0.0028050047039777956,0.0027009811733826605,0.003159556234798476
458.75,0.0028173767072232907,0.00274626604200315,0.002699837053253434,0.003172558877082812
460.0,0.0024666586137502993,0.0024011748969230925,0.0023959921406757293,0.0031855067588152743
461.25,0.0018793317170375167,0.001956309997993237,0.001828647414876058,0.003198399588050446
462.5,0.00160033345315121,0.001743256844769692,0.0015721116790483778,0.003211237094096491
463.75,0.0019112624703326376,0.0019363346516896591,0.0018916770035907599,0.0032240190276557825
465.0,0.0023305031826444567,0.0022315982193769814,0.0022449287281344843,0.003236745160955902
466.25,0.0023134725185833403,0.002299482362800219,0.0021389752687728603,0.003249415287875691
467.5,0.0022006599381012137,0.002237355915871306,0.0019762060231774316,0.0032620292240619487
468.75,0.002041672386264998,0.0021164047791520225,0.0018937659994059403,0.003274586807039095
470.0,0.0020533608281152185,0.0020643175512852865,0.0019851539377113768,0.0032870878963093724
471.25,0.0022115293920009125,0.0021551023477489922,0.0021458709293959437,0.003299532373447126
472.5,0.0021959494395302442,0.0021345049025127158,0.0020839201236913696,0.0033119201421828986
473.75,0.002075154579069345,0.0021282400218472744,0.001976745164043111,0.003324251128481124
475.0,0.002393787493398844,0.0024043836517787225,0.002264347984668587,0.0033365252806081074
476.25,0.002847513104075364,0.002763998438404005,0.0026527745240924826,0.003348742569191227
477.5,0.0028371085141206905,0.0028385813793872093,0.0026441085334644432,0.003360902987273202
478.75,0.0023749521840819047,0.002453209162237804,0.002221406144341852,0.003373006550352951
480.0,0.0020572767808516605,0.002097857081972485,0.0018777677597319286,0.0033850532964210134
481.25,0.002162246212243403,0.0021877951836134705,0.001993248692477676,0.003397043285985616
482.5,0.002490442784764134,0.002499375738437742,0.0023438640836586236,0.0034089766020909
483.75,0.0026710685812313113,0.002669258984935544,0.002488116392761589,0.003420853350323704
485.0,0.002708292855800323,0.0027191488968357036,0.00249505918441359,0.0034326736588160267
486.25,0.0027853061373494655,0.002771750546583541,0.0025961959565069057,0.003444437678233445
487.5,0.0029245028188564603,0.002890472811628449,0.0027434826941569656,0.00345614558176037
488.75,0.003001119671828582,0.0029543768043140332,0.002827919657986773,0.0034677975650707965
490.0,0.003005358029852304,0.002966428352647368,0.0028877574131432296,0.0034793938462953544
491.25,0.0028180982527766375,0.002790873813497246,0.0027603651251259403,0.003490934665975519
492.5,0.0025729780926902275,0.0025699770312755973,0.002444144009156227,0.0035024202870109445
493.75,0.002421029361711033,0.002463560010360289,0.0022265813546166026,0.003513850994597486
495.0,0.002717025230761515,0.0027612622258363748,0.0025032934253433996,0.0035252270961567958
496.25,0.003502005814771028,0.0035242334710026044,0.0032783108900978123,0.0035365489212551555
497.5,0.004360233508930246,0.004304359638980932,0.004063051507908111,0.0035478168215169925
498.75,0.00474443387608739,0.004755430408321839,0.004427918611033832,0.003559031170523836
500.0,0.00496138313340176,0.005053356228660579,0.004666913732133694,0.003570192363712049
501.25,0.005501628635688456,0.005502485283715359,0.005186909323554926,0.00358130081825353
502.5,0.006109285637222119,0.00602348108330075,0.005707632952384127,0.0035923569729344497
503.75,0.0064395407202436986,0.006455334627284145,0.005994680123908548,0.0036033612880203383
505.0,0.006636678835293082,0.0067338356154976655,0.006219928784357203,0.0036143142451155012
506.25,0.006973614900054022,0.006957309298939766,0.006564288237794465,0.0036252163470124
507.5,0.0072273406042876,0.007186263522701005,0.006782692292964291,0.0036360681175324505
508.75,0.0073212053311569126,0.0072749938863443525,0.006833972249429163,0.0036468701013577334
510.0,0.007400969856158778,0.007375417054608891,0.0068930937903166,0.003657622863855994
511.25,0.007578644075981558,0.007648342280873186,0.007034811714547049,0.0036683269908947156
512.5,0.007864584499709216,0.007951834172922669,0.007350616885492131,0.0036789830886483415
513.75,0.00825823706460055,0.008185263920398651,0.007777305599672158,0.003689591783396689
515.0,0.008367435931001338,0.008255783584746074,0.007878432771405763,0.0037001537213154725
516.25,0.008163999148219555,0.008117274590848194,0.007636534617872828,0.0037106695682583043
517.5,0.007756785494220306,0.007723659624425167,0.0072540398469142404,0.0037211400095291973
518.75,0.007207738174431692,0.007192885238071001,0.006770748903519486,0.0037315657496505067
520.0,0.00670417731882109,0.00678216374520849,0.006311816383157599,0.003741947512119323
521.25,0.006524087523855967,0.00654992469101062,0.006124955598778772,0.003752286039159119
522.5,0.006339541855253893,0.006290180316780046,0.005938959654088051,0.003762582091459709
523.75,0.0058547277631294855,0.005924610213658742,0.005441439172360148,0.003772836447915176
525.0,0.005741882984636261,0.005791232540638688,0.005296525512556349,0.0037830499053486642
526.25,0.005989126836636733,0.005926473336698484,0.005506167893709245,0.0037932232782344347
527.5,0.005786265234201361,0.005733554403746114,0.005314419078919383,0.0038033573984089073
528.75,0.005324335612265692,0.005424741874448669,0.0048660543294015805,0.003813453114778257
530.0,0.005289106100979507,0.005364474371101261,0.004808612452216968,0.0038235112930149065
531.25,0.005395980351801313,0.00527398676340525,0.0049046360890376926,0.00383353281525147
532.5,0.004922068143322956,0.004969223447615956,0.004464729505427229,0.0038435185797651176
533.75,0.004579983046991151,0.004674674689094373,0.004143126010816795,0.003853469500656938
535.0,0.004577410497575392,0.0044736147038716015,0.004130155951144153,0.0038633865075230686
536.25,0.00437145790738808,0.004412498760964778,0.003942988101412591,0.003873270545122343
537.5,0.004344623335589963,0.004419156622513977,0.003918371116255756,0.003883122573035825
538.75,0.004435839497287151,0.004314874783911042,0.00399005667317529,0.003892943565320438
540.0,0.0038932358019246856,0.003768796100608477,0.0034880380103841178,0.003902734510158268
541.25,0.0028992534326905623,0.0030556877989524403,0.0025996829966952353,0.00391249640949962
542.5,0.0027369034522253593,0.0028262038701250373,0.002456682005703796,0.003922230278699863
543.75,0.003007069717998539,0.0028740082787044657,0.002681540809162389,0.003931937146152837
545.0,0.002786414339320034,0.002834066005177776,0.0024641120973700366,0.003941618052916888
546.25,0.002710970864331531,0.0027377397326602054,0.002397590765819537,0.003951274052338657
547.5,0.0028320463247339944,0.002778861220824789,0.0024717150961766385,0.003960906209670481
548.75,0.0026972438579859126,0.0027033179263862834,0.00228541092966711,0.003970515601683745
550.0,0.002450653285673369,0.0024564110111984245,0.002078248837374595,0.003980103316277189
551.25,0.0024236137031518317,0.0023975821151368975,0.0021166463863102405,0.003989670452085127
552.5,0.002497360314572249,0.0025595786704962547,0.002184383550781962,0.0039992181180745845
553.75,0.002746357202660512,0.0028701704509000335,0.0023888016159758557,0.004008747433145933
555.0,0.0035230357310983094,0.0033255330130163474,0.0031322309169157718,0.004018259525724725
556.25,0.0038489957760436165,0.003667831358303291,0.003482202288162686,0.004027755533354649
557.5,0.0034514828921093014,0.003544268626206687,0.003081134985054404,0.0040372366022835724
558.75,0.003367082581421717,0.003435763702373256,0.0028934845185194747,0.004046703887049177
560.0,0.0034865301276357378,0.003415497175344378,0.002983313861883811,0.004056158550061558
561.25,0.0033404960409720913,0.0033684116828733308,0.0029215035405521384,0.004065601761180971
562.5,0.0032697441109296693,0.0033801132822954814,0.002899272863909784,0.004075034697298143
563.75,0.0037148024771881762,0.003649522481095545,0.0032824928232791178,0.004084458541907623
565.0,0.003938573856654854,0.003921082306774644,0.0034486401011734964,0.004093874484682871
566.25,0.003892002561598665,0.0040197953593445945,0.003358651459654156,0.004103283721046882
567.5,0.004148438851908214,0.00416887917758838,0.0035792591669850955,0.004112687451743313
568.75,0.00425436361525077,0.0041992417448959984,0.0037749066104042013,0.004122086882406854
570.0,0.004239983981613986,0.004225124934444791,0.003833140626109769,0.0041314832231305635
571.25,0.004449331524230748,0.004446024495723828,0.003995123486080453,0.004140877688033177
572.5,0.00467738335073294,0.004680392420898674,0.0041705039867987875,0.004150271494827877
573.75,0.0047799031722713,0.004768160712591396,0.004320446435255128,0.004159665864387164
575.0,0.0049278252486724934,0.004920458375520982,0.004518755635510913,0.0041690620203107
576.25,0.005054783803099244,0.0050838107849128,0.004601386929089954,0.00417846118849098
577.5,0.005245703654311658,0.005336491742489958,0.004735366635503312,0.004187864596681201
578.75,0.005649207213993926,0.005586030050287042,0.0051298239643860375,0.004197273474061805
580.0,0.005819535523601812,0.005673213370628707,0.00534205616459943,0.004206689050808858
581.25,0.005574607121304949,0.0056437803686729855,0.005113591954126031,0.004216112557663551
582.5,0.0058156134980121834,0.005933313399988197,0.005360224541122055,0.0042255452255006275
583.75,0.006588196193389198,0.006495111523349269,0.006101499139355657,0.004234988284901382
585.0,0.007000352852875152,0.006851089177826345,0.0064288006767935285,0.004244442965724584
586.25,0.006755228013857648,0.006765927541872986,0.006158836795516719,0.004253910496683725
587.5,0.006674043409214325,0.006831266864303558,0.006105007425503558,0.004263392104919448
588.75,0.00706680416368314,0.007043636983616367,0.006520257783836425,0.004272889015581314
590.0,0.007130163386416094,0.0070148279991498926,0.006598982267771206,0.004282402451407317
591.25,0.006815012255227223,0.006896663175367573,0.006335376213766804,0.00429193363230368
592.5,0.006883693870625593,0.00698865825417464,0.006388287078838264,0.00430148377493797
593.75,0.007414016896459678,0.007345846351807227,0.006894041662635509,0.004311054092319106
595.0,0.007851487163135424,0.007831699755425275,0.007362605682592104,0.0043206457933938
596.25,0.008274864283425555,0.008315261349924632,0.007791660706898507,0.004330260082640386
597.5,0.00864804076268421,0.008588918145932727,0.008081669375635602,0.0043398981596654935
598.75,0.00834047538106299,0.00830442387785124,0.007831217706521383,0.004349561218806642
600.0,0.007798674790085141,0.007903555929123654,0.007419899050531817,0.004359250448735859
601.25,0.00789986315045633,0.008029833530726564,0.007545169324557322,0.004368967032071028
602.5,0.008631666599419692,0.008543090348200801,0.00818177842330858,0.004378712144985287
603.75,0.008919471451824524,0.00884643143857436,0.008440635593043729,0.004388486956827053
605.0,0.008759769298371895,0.008776951175192576,0.008312596091881544,0.004398292629739767
606.25,0.008543176638242011,0.00847383022083461,0.00810540615651889,0.004408130318288494
607.5,0.008177533147551527,0.00814588223173048,0.007748781075241519,0.0044180011690890045
608.75,0.00787770130756731,0.00790871864749837,0.007381081095070879,0.004427906320444848
610.0,0.0077307209624919125,0.007736525534249972,0.007120728316449142,0.004437846901985164
611.25,0.007333485591757922,0.007273224914625926,0.006684689150681744,0.004447824034310668
612.5,0.0065845318942542854,0.006644777387196725,0.005993976563713185,0.0044578388286444426
613.75,0.006182513320573802,0.006306259157444903,0.005668050740206245,0.00446789238648668
615.0,0.006276112493400315,0.006262184578904677,0.0057748137298535285,0.004477985799275268
616.25,0.006286650328822439,0.006270340473115103,0.005792568907053345,0.004488120148052781
617.5,0.00596549102262478,0.005943635617201737,0.005489374880100044,0.004498296503138105
618.75,0.0054231160581298616,0.005428817856011947,0.004985833704915401,0.00450851592380416
620.0,0.004915571417784258,0.004921912446519368,0.004514902540908895,0.00451877945796158
621.25,0.004575949344029846,0.004552303812271118,0.004161745706810149,0.004529088141848692
622.5,0.004182290039993973,0.0041735717042936035,0.0037877976055965628,0.004539442999727104
623.75,0.0036885081318329465,0.003650122802009259,0.0032997394351426206,0.0045498450435827896
625.0,0.003043447638646375,0.0030098496119916047,0.0026838055280167202,0.00456029527283553
626.25,0.002517844437747433,0.0025457817691279376,0.0021755002731895087,0.004570794674051989
627.5,0.0022402518812272153,0.0022721387366347744,0.0019534197318129905,0.004581344220668128
628.75,0.002065419075940095,0.002040755800299293,0.0018444211531792546,0.004591944872715489
630.0,0.0016929768532350157,0.0016717854548399377,0.0015066695594045181,0.004602597576555519
631.25,0.0014146570034588148,0.0014462701834338171,0.00125661073163848,0.004613303264620934
632.5,0.0015209902716948425,0.001584716239902085,0.0013724459558392132,0.004624062855163184
633.75,0.0020187996828760456,0.0019850522530521337,0.0018680740344135948,0.004634877252005587
635.0,0.0024532438088933923,0.0024670886485602473,0.002246546614752144,0.004645747344305729
636.25,0.0026200409744345167,0.0026177262371716984,0.002381872165196593,0.004656674006323322
637.5,0.002606564443267851,0.002629941595146976,0.00240792453686663,0.004667658097195194
638.75,0.0027403603795659636,0.002908031087191019,0.0026084455866626963,0.004678700460717769
640.0,0.0035623480279842233,0.003542333417090834,0.003408530620316517,0.004689801925136034
641.25,0.004152471740965431,0.0039029939904098995,0.003922350630416779,0.004700963302939926
642.5,0.00344723823949433,0.0032540125234882078,0.003176749277773843,0.004712185390668067
643.75,0.0020161739163322492,0.002185636491937574,0.0017684041263484219,0.004723468968717926
645.0,0.0013769742622043617,0.0014441335353248645,0.001136887721156261,0.004734814801165982
646.25,0.001239780589060685,0.0011807314239507022,0.0010386324921967454,0.004746223635590496
647.5,0.0010676451159023906,0.0010026148568858901,0.0008820026246123598,0.004757696202905053
648.75,0.0008381711919727189,0.0008396467915110765,0.0006885932315984001,0.004769233217198559
650.0,0.0006646161569005731,0.0007239662075088178,0.0004953069994185937,0.004780835375582386
651.25,0.0006094476738352688,0.0007111949270200564,0.00040406944879628075,0.004792503358045364
652.5,0.0007632830354969714,0.000831981534150636,0.0005262514350141715,0.004804237827314011
653.75,0.000983951413738827,0.0008714662058690727,0.0007963474376971637,0.004816039428724791
655.0,0.0008197038158644417,0.0007559948775220326,0.0006928905576845756,0.0048279087900971835
656.25,0.0004691850138462564,0.0006061001989618899,0.00037065658640739543,0.004839846521620671
657.5,0.0006883976108106242,0.0006394352573842923,0.0005194780450870413,0.004851853215743954
658.75,0.0009374506440913143,0.0008708900583496379,0.0007472849270059705,0.0048639294470749226
660.0,0.0006576053111967061,0.0007171132369955761,0.0005568325611207392,0.004876075772284771
661.25,0.00039690963682783735,0.0004339721624698509,0.00034084165053618215,0.004888292730024641
662.5,0.00028441211749062134,0.0003008445886388976,0.00022191352307484533,0.004900580840841723
663.75,0.0002971881778546272,0.00032679690877058165,0.000149307384446322,0.004912940607111364
665.0,0.0004427195628803082,0.00046949801229176016,0.000237644614001657,0.004925372512967816
666.25,0.0006951106029966699,0.0006857053365947545,0.00043800118813291445,0.004937877024250123
667.5,0.0009275624618179032,0.0009140398758137481,0.000634930727396193,0.004950454588450184
668.75,0.0011687629260536132,0.0011514193123254987,0.0008237436837998514,0.004963105634668123
670.0,0.0011322671690652754,0.001106540875620536,0.0008111632568635806,0.004975830573577842
671.25,0.0007737525214153166,0.0007555586241908319,0.0005384643458634837,0.00498862979739559
672.5,0.0005953933457526547,0.0006038819812045099,0.000391751854476424,0.005001503679859853
673.75,0.0006548547599772385,0.0006338799068851959,0.00039173152738344603,0.005014452576213863
675.0,0.0006506895335232323,0.0006390515446899079,0.00037578659267974027,0.005027476823198312
676.25,0.0007364042810435452,0.0006969109033860298,0.00047808736497515766,0.00504057673904957
677.5,0.0008460612085649672,0.0008445675224355027,0.0005898807145611508,0.005053752623504478
678.75,0.000936588330324635,0.000886772099809814,0.0006450973079014586,0.005067004757812216
680.0,0.0009607521900428727,0.0009559960980150986,0.0006240404037469579,0.0050803334047530265
681.25,0.00126688386897355,0.0012892365526306713,0.0008467273173863881,0.005093738808662819
682.5,0.001595843332502839,0.001614842346034599,0.001126947465190705,0.005107221195465104
683.75,0.001717393436892313,0.001685460622982067,0.0012392496596262655,0.005120780772709631
685.0,0.0017418972594440835,0.0017829717135130522,0.0012826782343052475,0.0051344177296152585
686.25,0.001873893176762347,0.0018772899316099464,0.0014353065733308024,0.005148132237122321
687.5,0.0018423007288931564,0.001795114391705747,0.001433629044338283,0.005161924447948498
688.75,0.0015863972764157694,0.001653203741486642,0.0011814914505933966,0.0051757944966522255
690.0,0.0018565020227566341,0.0019471828432933525,0.0013811718694600001,0.005189742499700835
691.25,0.002398886729218873,0.002364920708887363,0.0018831825861793535,0.005203768555548579
692.5,0.0025065448286336117,0.0024910609355291175,0.0019922685344633305,0.005217872744713438
693.75,0.002349268921209141,0.00244783186495062,0.0018482718947661955,0.005232055129867164
695.0,0.002570177524707847,0.0025461989568204076,0.002091245471323758,0.005246315755925436
696.25,0.002861090936132917,0.002802451064727162,0.0024055281793244243,0.005260654650147777
697.5,0.003057574580840621,0.0030850392782271734,0.0025741594280189574,0.005275071822239483
698.75,0.0033413603559729653,0.0032807410851048158,0.0027700132274306854,0.00528956726446102
700.0,0.003380601714989491,0.0033247961995216107,0.0027581546698675847,0.005304140951742584
701.25,0.0032134508451956718,0.0032161279000355236,0.0026036491893403862,0.0053187928418031915
702.5,0.0030961566863023098,0.003089467541455908,0.002538488148786679,0.005333522875274329
703.75,0.002866810871216062,0.0028514696921742304,0.002449171675038162,0.00534833097583095
705.0,0.002444984970242773,0.0024592949127285567,0.0021293530935979793,0.005363217050325067
706.25,0.001956975953892098,0.001966369811031843,0.0016360627098656877,0.0053781809889241056
707.5,0.0015071962057704243,0.001485371266116397,0.0012507962218431322,0.005393222665256141
708.75,0.001218652157840933,0.0012310199791993064,0.0010413072478600315,0.005408341936555515
710.0,0.0011320350982020556,0.0011748279326038872,0.0008940329844037427,0.005423538643819773
711.25,0.0011250476966513524,0.0011446189196251488,0.0007551844521225456,0.005438812611962238
712.5,0.0009616082803390417,0.0010603113317166016,0.0006653967245300609,0.005454163649977342
713.75,0.0011298487567340527,0.0011313578437104526,0.0009394892480346776,0.005469591551102674
715.0,0.0012997213096208138,0.0012144082875653317,0.0011336409598116388,0.005485096092989582
716.25,0.0012044098664879912,0.0012568486237975265,0.001034928979164438,0.005500677037877415
717.5,0.0014169863905705749,0.0015263774370978418,0.001258216414291235,0.005516334132768898
718.75,0.0022425757499977693,0.002205106346297671,0.002033326165466645,0.005532067109611718
720.0,0.0030141606949550988,0.002919122193168303,0.0027944932147282767,0.005547875685481951
721.25,0.0030333142583530235,0.002887355607847596,0.0028320052278749406,0.0055637595627730015
722.5,0.0025447964588317666,0.00253485683557056,0.002365668149457187,0.005579718429383931
723.75,0.002374786249451121,0.002461029642609903,0.002139033952430749,0.005595751958916361
725.0,0.002526182158962588,0.0025003455515048402,0.00223978579576583,0.005611859810869357
726.25,0.0023092908615701575,0.0022593524633093753,0.0020812904801233746,0.005628041630840315
727.5,0.0018101638474902204,0.0017487041769281267,0.0016993727174737915,0.005644297050727919
728.75,0.001371466856880498,0.001386143877377207,0.0012788293540475118,0.005660625688937111
730.0,0.0011502364469360043,0.001249073455875068,0.0009479191103738298,0.005677027150586903
731.25,0.0011063074662913878,0.0012028701408803163,0.0008552792938082143,0.00569350102772251
732.5,0.0011679722852059884,0.0011736037087037967,0.0008993366901566707,0.00571004689952674
733.75,0.001177687996013912,0.0011838267835726302,0.0009174331802333962,0.005726664332534853
735.0,0.00112352552411071,0.0011378768825510237,0.0009062048196163339,0.005743352880854862
736.25,0.0011443484660135371,0.0011336278214898485,0.0009578962637398928,0.00576011208638203
737.5,0.0011402781078291137,0.001047753951558069,0.0009426494864681445,0.005776941479024368
738.75,0.0008250892105661233,0.0007806029082105775,0.0006551900388388825,0.005793840576923564
740.0,0.0003665623948846023,0.00044458886524534395,0.00026797222243880376,0.005810808886679522
741.25,0.00020851707549082293,0.00025235316557673556,0.00010979066091656504,0.005827845903578333
742.5,0.00023809855713074316,0.0002006165836939223,0.00014867294056645087,0.005844951111817929
743.75,0.00025786894081683207,0.00020784523873407638,0.00016630523369174632,0.005862123984737862
745.0,0.00017498447539522985,0.00019419118965170544,0.00010574192869152737,0.005879363985051024
746.25,0.0002467115039597279,0.0002870251104156946,0.0001736497888262533,0.005896670565071824
747.5,0.0004550262667014111,0.00045476427287533607,0.0003129970857509599,0.005914043166953592
748.75,0.0005663333874880656,0.0005824521861586081,0.0003966159976230406,0.0059314812229167785
750.0,0.0007625887445119284,0.0007790214880218188,0.0006139781275926743,0.0059489841554868994
751.25,0.0011928146427233053,0.0011657528351567423,0.00097895402500684,0.005966551377728118
752.5,0.0016688190489579867,0.0016186050408188608,0.001287722216502521,0.005984182293480034
753.75,0.0018677950053585296,0.0019111887651320275,0.0014243972024158941,0.006001876297591552
755.0,0.0020720503640090644,0.0020723444757639823,0.0016942766641818061,0.006019632776159182
756.25,0.00246147988627809,0.0024215501422249737,0.0021009723913398537,0.006037451106765457
757.5,0.0030078494624532414,0.0030212981802488327,0.0025831567958686636,0.006055330658713546
758.75,0.0035563824215617294,0.0034976090399125147,0.0030281707415449038,0.006073270793266554
760.0,0.003512145346029901,0.0033804520136137065,0.0029342813973471387,0.0060912708638837555
761.25,0.0028123632275796773,0.0028385712903932774,0.0022544138239836394,0.006109330216458582
762.5,0.0022677123271724127,0.002483237297282816,0.0017808065327430673,0.006127448189558216
763.75,0.002725704614171249,0.0027622318285106424,0.0021818381779827047,0.006145624114657442
765.0,0.0031765752334409537,0.0031184687333120787,0.002578292719221866,0.006163857316377689
766.25,0.0033763338226395195,0.003397606244791793,0.0027797862722967097,0.006182147112724457
767.5,0.0037456434549333387,0.0037561497574720945,0.0031340884578839588,0.006200492815321892
768.75,0.004121477656237184,0.004037007223671594,0.0034755157809184846,0.006218893729649595
770.0,0.004069837322336039,0.00405949711291593,0.0034402809144300547,0.006237349155278985
771.25,0.0039090804830915855,0.003947242405204197,0.003282875883892209,0.006255858386105094
772.5,0.003954134778360009,0.003933877816747335,0.003268193457365592,0.00627442071058408
773.75,0.004011198391025215,0.004114453522017344,0.00329473205534728,0.006293035411965043
775.0,0.004750101346716503,0.00479581597649055,0.003943617605269477,0.006311701768521614
776.25,0.005594423629773158,0.005403503863661331,0.00469639599966432,0.006330419053784831
777.5,0.005365318969931556,0.005240396588595284,0.004494914357185938,0.006349186536773145
778.75,0.004516006847832076,0.00463142361333842,0.0037830216021795676,0.006368003482222214
780.0,0.0042301440068324625,0.004340295426193309,0.0035254591540458263,0.006386869150814486
781.25,0.0043871320123123475,0.004358577979121905,0.003616287508188755,0.006405782799403133
782.5,0.004358149326776226,0.004423997587691618,0.003541744842741856,0.006424743681244289
783.75,0.004552526091118931,0.004559482312583168,0.003756231840028965,0.006443751046214313
785.0,0.004876908683717219,0.004769530228653516,0.0040819960086952425,0.006462804141042252
786.25,0.004934988047585399,0.004874408812178978,0.004077505980112089,0.00648190220952472
787.5,0.004653256451265875,0.004687240037406659,0.00376382742824202,0.006501044492751057
788.75,0.004210286392705027,0.004282925912304743,0.003385525105000553,0.006520230229322102
790.0,0.0039002983993446064,0.003892677395442792,0.003122738876915577,0.0065394586555677855
791.25,0.0037203798798996677,0.0036619255123689818,0.002938359725826752,0.0065587290057632225
792.5,0.003419677856737632,0.003373734008127748,0.0027033016427466623,0.006578040512345604
793.75,0.0029962640969022833,0.0030817217074495837,0.002400448890261918,0.0065973924061261255
795.0,0.0029923559704989142,0.003140369117517307,0.0023958722767760503,0.006616783916501603
796.25,0.003569337376202563,0.003574439799317349,0.0028250632321192046,0.006636214271666012
797.5,0.004114746840011105,0.004040772588861251,0.003349163004547181,0.0066556826988161105
798.75,0.004363462208441301,0.0042924323886323005,0.0036681949207417685,0.006675188424362114
800.0,0.004483260302660443,0.0044676015766235335,0.00381068053121658,0.006694730674127844
801.25,0.004752043323787504,0.004834954716127278,0.004055607798943607,0.006714308673558554
802.5,0.005289212961187429,0.005262248626716894,0.004595790285570216,0.006733921647917091
803.75,0.005717213853368874,0.005646673666431936,0.005016291804051303,0.006753568822486831
805.0,0.005728747058976355,0.0056345584143729895,0.004961295295466782,0.006773249422768642
806.25,0.00531799836461131,0.005348502128914479,0.004585261119294093,0.006792962674672499
807.5,0.005033084975187197,0.0050648936983932755,0.004425394011800353,0.006812707804716023
808.75,0.004836967000979246,0.004792781296779232,0.004328837487469625,0.006832484040213483
810.0,0.004400073833771035,0.0044219434144356865,0.003953632554286832,0.006852290609464008
811.25,0.0037978460514346596,0.0038291137418447097,0.003446858388206219,0.006872126741940596
812.5,0.0034409549726106873,0.0034747839311979967,0.003201693264840262,0.006891991668475182
813.75,0.0035768129003889045,0.0036183899220006755,0.0033606101801360627,0.006911884621440726
815.0,0.004065024844714658,0.004102025175390332,0.0038384931276183912,0.006931804834933885
816.25,0.004729722876616956,0.00470568987184706,0.004515389137042569,0.006951751544952196
817.5,0.005334915380532108,0.0053011421303836605,0.005117232898653629,0.00697172398956979
818.75,0.005844625537097765,0.005808234134680437,0.005567144419549017,0.0069917214091172256
820.0,0.006308248198888214,0.0063252818814442235,0.006027198861817161,0.007011743046346121
821.25,0.006968870198795058,0.00705171941316116,0.006771465378035162,0.007031788146605958
822.5,0.008075406040509433,0.008113226778594997,0.007875159379124825,0.007051855958007969
823.75,0.009312692138972636,0.009268179801132419,0.009022360217460045,0.007071945731591984
825.0,0.01018456640691392,0.010154052664157646,0.00984622318233872,0.007092056721489473
826.25,0.010608598314000732,0.01053774555419209,0.010292910097499417,0.0071121881850845945
827.5,0.010543228516305169,0.010499522945689958,0.010322534716920935,0.007132339383173356
828.75,0.010386831400726918,0.010416989027672139,0.010228946531556201,0.007152509580120002
830.0,0.010622583103920853,0.010724265877994812,0.010459226027516963,0.0071726980440088494
831.25,0.01123424738499899,0.01122781461715406,0.011032978884247518,0.007192904046799244
832.5,0.011464761746836426,0.011353227601738607,0.011313077318392697,0.007213126864473754
833.75,0.01133407489290858,0.01133683624772782,0.01124894208991872,0.007233365777182682
835.0,0.011419056406893922,0.011479802656177323,0.011366148661067412,0.007253620069393948
836.25,0.011703473304850297,0.011678333686122465,0.011674387353101723,0.007273889030028475
837.5,0.01178224798707461,0.011762441470768204,0.011825133917828533,0.007294171952605718
838.75,0.01199287536435459,0.012079989730033922,0.012050599123192994,0.00731446813537815
840.0,0.012877272597376978,0.01296499011755991,0.012875224357956223,0.007334776881466772
841.25,0.014178777988649643,0.014095767995210395,0.014051917106506407,0.007355097498993141
842.5,0.014957623909084266,0.014866765262131973,0.014844800217261502,0.007375429301210535
843.75,0.015195628784124391,0.015246785053654406,0.015135070265482903,0.007395771606630545
845.0,0.015609223486696383,0.015668904091003417,0.015480000944335309,0.007416123739147884
846.25,0.016298797784211852,0.01627430391836551,0.016053401197535237,0.007436485028163342
847.5,0.016672719010626072,0.016585763062203114,0.01641978953810959,0.007456854808705017
848.75,0.016694136214070322,0.01670354803176701,0.016465237516877784,0.007477232421544122
850.0,0.016898930106082025,0.016890103573467936,0.016627668358732264,0.007497617213311518
851.25,0.017104495487171925,0.01707186925053839,0.01679311027780635,0.007518008536609713
852.5,0.017121746272990693,0.017144087831209187,0.01680579323376399,0.0075384057501221265
853.75,0.017182962221865043,0.01721519671883408,0.01686260992855407,0.007558808218724059
855.0,0.01738838517930728,0.01734546416676627,0.01711643906942684,0.007579215313582228
856.25,0.017397110134203773,0.01749112083018444,0.017176956279218416,0.007599626412264149
857.5,0.017844545458239644,0.018004032536676533,0.01760456408709191,0.0076200408988326505
858.75,0.019042838129244184,0.01899203374598583,0.01876009642723265,0.0076404581639452455
860.0,0.01961476800497725,0.01946309625966321,0.019397321376121438,0.007660877604951035
861.25,0.019455076738590656,0.019457932669851557,0.01934829705370869,0.007681298625980427
862.5,0.0194758928990479,0.019559559182453414,0.01938022097154001,0.00770172063803739
863.75,0.019864891346046097,0.019749604012702763,0.019701733824902215,0.007722143059085358
865.0,0.019874465919262285,0.01987722243167169,0.019711473798802382,0.007742565314132435
866.25,0.01988849987405279,0.019931656890706376,0.01980949690249444,0.007762986835315977
867.5,0.019931870612675817,0.01984383475061103,0.019939496564987044,0.007783407061978165
868.75,0.019646759052587236,0.019642659078750166,0.019658490817950614,0.007803825440749259
870.0,0.019474703881629446,0.019581842840951734,0.019437244492363125,0.00782424142561708
871.25,0.019824882684098977,0.01989370284667283,0.019733616982256154,0.007844654478002772
872.5,0.02042863033365573,0.020394913341146417,0.020284222408232095,0.007865064066829457
873.75,0.020813687397554757,0.02082958912150503,0.020627651277113496,0.007885469668590193
875.0,0.021210434106027812,0.021178412884261002,0.020956970920623944,0.007905870767411541
876.25,0.021215203038263953,0.021125076274240033,0.020901507920681035,0.007926266855118628
877.5,0.0204181686132179,0.02037156079920944,0.020082078161177006,0.007946657431293691
878.75,0.019120578103698226,0.019169680442978752,0.018821384024511396,0.007967042003332245
880.0,0.01814343853694758,0.01816000727553953,0.017869783673459667,0.007987420086500862
881.25,0.017613608227911415,0.017619097557117037,0.01732758647912433,0.008007791203987855
882.5,0.01735731659114544,0.0174423913810521,0.01709661475565212,0.008028154886955003
883.75,0.017482125345661872,0.017511010197078087,0.01722443953107339,0.008048510674583254
885.0,0.017531723639637373,0.017570237229656598,0.017304543347083794,0.008068858114119925
886.25,0.017632854726615316,0.017626162297465664,0.01742434790213913,0.008089196760921612
887.5,0.01783486607497167,0.017747877681371888,0.01765133538364964,0.008109526178493894
888.75,0.017956440522354983,0.017839486340885283,0.017676512928585804,0.008129845938529707
890.0,0.017572899806888573,0.017514375332088855,0.017167728288793226,0.008150155620945756
891.25,0.016856721195014756,0.016868548440926986,0.016328669087647227,0.008170454813916227
892.5,0.015909482742584587,0.01599935794850588,0.015370008128759194,0.008190743113903411
893.75,0.01483202435141837,0.014867489137808665,0.014283385571355644,0.008211020125685645
895.0,0.013570428769029348,0.013633487048423185,0.013031599625210319,0.008231285462387106
896.25,0.012610068617910182,0.012736950777607427,0.01206976454648019,0.00825153874549808
897.5,0.012100642200633158,0.012031931484762464,0.011516537636529132,0.008271779604900482
898.75,0.011285828751956967,0.01110675700194055,0.01070260230187971,0.008292007678886203
900.0,0.009958864444166708,0.009989492837353573,0.009391022104657084,0.008312222614173777
901.25,0.00906792024544691,0.009197739755020175,0.008473253952355288,0.008332424065926398
902.5,0.009030207595868938,0.008952951187221206,0.008369971497355112,0.008352611697762507
903.75,0.008668235286074657,0.00853899007519888,0.008057263862074915,0.008372785181768497
905.0,0.00760856419751515,0.00760131934939007,0.007114497727507146,0.008392944198507314
906.25,0.00661471713271014,0.006741722310384405,0.006217617468409599,0.008413088437024829
907.5,0.0064178316280030945,0.006483754486004773,0.006007950245993301,0.008433217594854955
908.75,0.00648574969528573,0.006350965808496142,0.0060363825099959915,0.008453331378023088
910.0,0.006069565329153052,0.006073607163985967,0.00568092785221672,0.00847342950104565
911.25,0.005660845039136485,0.005833975364034332,0.005363651506258042,0.00849351168692795
912.5,0.0058569222385180105,0.005821952395932396,0.005518846434202279,0.008513577667163295
913.75,0.0059777306976449935,0.005903173576318632,0.005594270019159083,0.00853362718172516
915.0,0.005729175390003952,0.005758802450057262,0.005406945364933238,0.008553659979061446
916.25,0.0054552594783870995,0.005513041520594993,0.005243038855629204,0.00857367581608407
917.5,0.005476539603849791,0.005454386100475351,0.00528590422299084,0.008593674458158791
918.75,0.005570699649759849,0.005465784682886368,0.0053093510045571675,0.008613655679090353
920.0,0.005298180092402619,0.005213550249146849,0.005001120851870964,0.008633619261110287
921.25,0.004691121215736536,0.004749868535049019,0.004400398949093305,0.008653564994857723
922.5,0.0043536087034223465,0.004444004889887075,0.004011635515631933,0.008673492679362342
923.75,0.004477544117087029,0.0043334792146124115,0.004027327589763308,0.008693402122022287
925.0,0.003946320595566306,0.0038679859950681997,0.0034810078834905775,0.008713293138583931
926.25,0.0026409364907209803,0.002826606920219102,0.0022820778793149325,0.008733165553116883
927.5,0.0019984625482750663,0.0021102876414845597,0.0016510533443977325,0.00875301919798813
928.75,0.0017908750102404222,0.0017317182669455244,0.0014532730216778751,0.008772853913835666
930.0,0.0014635565854026432,0.0013977494317709786,0.0011085880883241587,0.008792669549538978
931.25,0.0009855050558755956,0.0010686460079127266,0.0006459958386928531,0.008812465962187332
932.5,0.0007902360523969736,0.0008600155104381436,0.00047283322285791716,0.008832243017050689
933.75,0.0008075368230371164,0.0007446916259960136,0.0005118639323311576,0.008852000587541785
935.0,0.0007560750955535362,0.0006683655124448227,0.0004628036886116397,0.008871738555184288
936.25,0.0006629179447563187,0.0006463745618419979,0.0003584907049601153,0.008891456809572595
937.5,0.0006426246239827025,0.0007425811109620716,0.0003547897805139099,0.008911155248336662
938.75,0.0010578412172738117,0.0010773585437853215,0.0007317993993386076,0.008930833777098914
940.0,0.0016056187341347277,0.0014851368243608888,0.0012565017641765646,0.00895049230943485
941.25,0.0016530775606027716,0.0016542975423970315,0.0013287924685112169,0.008970130766829808
942.5,0.0016475080166028049,0.0016559314735771183,0.0013281798420035833,0.008989749078631901
943.75,0.0016173398950229618,0.0016406440279285292,0.0013557725688249022,0.009009347182012071
945.0,0.0015549843728845522,0.0015268380597712916,0.001386799977568393,0.00902892502190921
946.25,0.0014897259873130242,0.0014468125059736194,0.0013649605466765954,0.009048482550987986
947.5,0.001324232267769778,0.001334723219569643,0.001227391390735136,0.009068019729586228
948.75,0.001298019305594854,0.001337698042805102,0.0011829186888754368,0.009087536525663171
950.0,0.0014694054689958858,0.0015017492026406288,0.0013967311818071522,0.009107032914747432
951.25,0.0018120588784499379,0.0017676537539729235,0.0017119984147335224,0.009126508879883715
952.5,0.0018809469101776133,0.0019153886222838094,0.0018164457133152151,0.009145964411577022
953.75,0.001971577568928314,0.0019451254322193636,0.0019112865549052633,0.009165399507734831
955.0,0.0019751869174860865,0.0019839138956710446,0.0018755249193067433,0.00918481417361377
956.25,0.002050368244658877,0.002120546926421328,0.0019156947705949658,0.009204208421754538
957.5,0.002316408087320692,0.0023624880886271506,0.002191750368516547,0.009223582271926458
958.75,0.0027490243273824953,0.002730750721353455,0.002616599872829661,0.009242935751064088
960.0,0.0030925524762367936,0.0030988613017081884,0.0029845701794532875,0.009262268893205394
961.25,0.003372142021687331,0.0033899209538385267,0.0032767207367632245,0.009281581739427683
962.5,0.003778088085157576,0.003785990353094733,0.003596175614803683,0.009300874337783517
963.75,0.004177816204139363,0.004061906608837518,0.003845772261810242,0.009320146743232555
965.0,0.003934500100622251,0.0038161542723604194,0.0035721268265457387,0.009339399017576834
966.25,0.003324900390790465,0.0033914801127115004,0.0029916840008548484,0.009358631229392917
967.5,0.0029914674940887754,0.003052870326300479,0.002686275564727887,0.009377843453958994
968.75,0.002950150983165183,0.0027989942268237212,0.002598973122866366,0.009397035773187987
970.0,0.0024095701108267057,0.0023622071324211746,0.0020096718057284416,0.009416208275554776
971.25,0.0017142200524103682,0.0018292632248958767,0.0012872663061935749,0.00943536105602325
972.5,0.0015436230208917456,0.001654897287175088,0.0011440565809626832,0.009454494215973034
973.75,0.0018606796736411314,0.001859350095854538,0.0014257310998872519,0.009473607863125772
975.0,0.0017843605818402013,0.0017517606504932174,0.0012944761909230473,0.00949270211146816
976.25,0.001288157769339758,0.0013333244978087167,0.0008223128628852373,0.009511777081174148
977.5,0.0009823217629679603,0.0010629044738045665,0.0005672693364541885,0.009530832898530342
978.75,0.0012455532624065279,0.00121867378691917,0.0008234353075232681,0.00954986969585473
980.0,0.0017951373919512616,0.0017120909993808588,0.0013272455981256097,0.009568887611416893
981.25,0.0022125018658467593,0.0022032621483992995,0.0017106909858021523,0.009587886789358803
982.5,0.0024694859884199036,0.0024722714888463808,0.001907177529273707,0.009606867379612258
983.75,0.0026323348982413004,0.0026854026702001535,0.002026293350345929,0.00962582953781512
985.0,0.003010562934687992,0.003017558671176583,0.002440904129825846,0.009644773425228877
986.25,0.0034488431334093036,0.003357123203643983,0.0029319582360510616,0.009663699208652638
987.5,0.0037567462711501193,0.0037345335244144606,0.003251345051734915,0.009682607060339975
988.75,0.004267787406290357,0.004345066958395481,0.0038109285170847143,0.009701497157907708
990.0,0.005256885259403319,0.005184990445194906,0.0048127920949151,0.009720369684253122
991.25,0.0061766263334745814,0.006083350000699468,0.005748222055501463,0.009739224827462244
992.5,0.006842179881395633,0.006897094849788258,0.006522666769390983,0.009758062780720994
993.75,0.00795854741079122,0.007973220460162333,0.007838269349768893,0.009776883742225866
995.0,0.009595245026683269,0.009631434391741762,0.0096796492233502,0.009795687915089557
996.25,0.01184433250987912,0.011933143660982828,0.012094308161207788,0.009814475507251624
997.5,0.014772806106645267,0.01481766882038442,0.015114777953425083,0.009833246731383125
998.75,0.017873114074142823,0.01785612276260856,0.01829044469336557,0.009852001804793635
1000.0,0.020250333702858062,0.020229916823495633,0.02080171169537081,0.009870740949334125
1001.25,0.021617100004104325,0.021589854504867334,0.02226264356979832,0.009889464391302926
1002.5,0.022147230381360967,0.022060187265512406,0.02271958618098834,0.009908172361346609
1003.75,0.021747858922669578,0.021769589537049504,0.022227937804201053,0.00992686509436286
1005.0,0.020624998642231007,0.02061159857540107,0.021040644229797314,0.009945542829400958
1006.25,0.018870599888022883,0.018807529007067468,0.01922770619834089,0.009964205809563429
1007.5,0.016729900934448545,0.016760066513893043,0.017018966174853805,0.009982854281901236
1008.75,0.014744878217218971,0.014885473060795854,0.014977093255299776,0.01000148849731678
1010.0,0.013543745619231553,0.013527149121332441,0.013617971759460164,0.010020108710456938
1011.25,0.012648672805677556,0.012544329987342322,0.012547319611695675,0.010038715179612056
1012.5,0.011703070155648355,0.011742087411532032,0.011483588960963326,0.010057308166609805
1013.75,0.01100525231315377,0.0111431864269622,0.010749809704635857,0.0100758879367114
1015.0,0.011097672193917238,0.011040510949914527,0.010713463975428912,0.010094454758502232
1016.25,0.011229470740411454,0.011140487712157062,0.010776356519848495,0.010113008903785336
1017.5,0.010804089097117551,0.010757890025318313,0.010390319650898726,0.010131550647476536
1018.75,0.01003739198078154,0.010062049342135365,0.009738794038847644,0.010150080267489817
1020.0,0.009596849929858712,0.009640427385235269,0.009287648307893897,0.010168598044630366
1021.25,0.009372612426230527,0.009425289389969109,0.008980480779396862,0.010187104262483421
1022.5,0.009189966503728914,0.009181557284342234,0.008744395144452433,0.01020559920730091
1023.75,0.008909128710475101,0.008793189450555843,0.008496845986385018,0.010224083167889761
1025.0,0.00836342378652695,0.0082909125310058,0.007989872865187257,0.010242556435496868
1026.25,0.007558139806927006,0.007710003261527908,0.007178021647437788,0.010261019303696236
1027.5,0.007096495370256969,0.007256857855455315,0.006674884105065421,0.010279472068271551
1028.75,0.007149509157624675,0.007093095818598925,0.006737159618216743,0.010297915027101714
1030.0,0.007042985556652825,0.006962283075832742,0.006649496077093092,0.010316348480040911
1031.25,0.006859534061415154,0.006776984196560669,0.006478809999856839,0.010334772728802222
1032.5,0.006720547048597467,0.006632256741603217,0.006287931752702166,0.010353188076839843
1033.75,0.00652756040336523,0.006554110474753632,0.006048005152056844,0.010371594829226559
1035.0,0.006473402996686337,0.006562959432946704,0.005978807411724586,0.010389993292533399
1036.25,0.006578966756955491,0.006624205741050306,0.0060833213114267325,0.010408383774710426
1037.5,0.0066866886896808355,0.006677868591718255,0.006178375329317163,0.010426766584961594
1038.75,0.006733371791071563,0.006735639157670628,0.006182383388139837,0.010445142033624063
1040.0,0.006755594818999232,0.006781283394898469,0.006183617789593534,0.010463510432042137
1041.25,0.006665828321430402,0.006698641857637016,0.006104356724447315,0.010481872092443407
1042.5,0.006669998581918041,0.0066367624671253,0.00613440588328841,0.010500227327813865
1043.75,0.006713561970753336,0.006626298261133796,0.006214912485626018,0.01051857645177124
1045.0,0.0065671970216376555,0.006667471066120963,0.006123977450318023,0.01053691977843611
1046.25,0.006832149425543678,0.006873820255290805,0.006427000328508452,0.010555257622309024
1047.5,0.00740889162925875,0.00732698396436311,0.006995527635273778,0.010573590298135921
1048.75,0.007942962577714333,0.00790922832078983,0.007544653338308725,0.010591918120783275
1050.0,0.00854120124095211,0.008510210100818347,0.008212377702542089,0.010610241405108354
1051.25,0.009269350594103871,0.009230956104375151,0.009036622850348515,0.010628560465825825
1052.5,0.010206605006430995,0.010210487292605234,0.010067402760363628,0.010646875617378721
1053.75,0.0115556952728367,0.011636031870671993,0.011497407836940296,0.010665187173807116
1055.0,0.013401892431733153,0.013386909720514182,0.013470006049833958,0.010683495448615033
1056.25,0.015358251903876607,0.015338520092752881,0.01560475586321041,0.010701800754637626
1057.5,0.01720540240293588,0.017255339520808623,0.017530414878039004,0.010720103403907656
1058.75,0.018909394994788085,0.018972301703226377,0.019249035274799986,0.010738403707522281
1060.0,0.020574424251965383,0.0206383847628299,0.020908677220181773,0.010756701975507921
1061.25,0.02203306134294712,0.021987368971370935,0.022286809408986627,0.010774998516685876
1062.5,0.022595977171667187,0.022444871933635632,0.022637258195729548,0.01079329363853719
1063.75,0.021925556985785216,0.021913033134215443,0.021814880397139996,0.010811587647065041
1065.0,0.0208044193857474,0.02081813375893215,0.020622152441333138,0.010829880846661684
1066.25,0.01987970238918014,0.019954624727062966,0.019696844005997714,0.010848173539968729
1067.5,0.01941543772896842,0.019366557398033675,0.019234162635812527,0.010866466027743498
1068.75,0.01905617298441925,0.019017581919082323,0.018881122680578694,0.010884758608719406
1070.0,0.018920942527189056,0.019061685179934115,0.01878951156564287,0.010903051579468139
1071.25,0.01968080259976214,0.019722344796172655,0.019629055559896018,0.010921345234264876
1072.5,0.020900849976026845,0.020761508907910824,0.020861180631429506,0.01093963986494875
1073.75,0.0217679132407246,0.02171046236531043,0.02169202512993196,0.010957935760782918
1075.0,0.022073014681378195,0.02218276349618781,0.022072721443533446,0.010976233208319296
1076.25,0.022582117344576425,0.022657498952115777,0.022685498673482223,0.010994532491259323
1077.5,0.023453029040657103,0.023378765736484404,0.023531922361275166,0.011012833890315009
1078.75,0.023879066440579886,0.02380313827668951,0.02384808570709137,0.011031137683069663
1080.0,0.023683162778183903,0.023740838385388426,0.02357771521392931,0.011049444143843125
1081.25,0.02341571122083351,0.02334974774088218,0.023273773973928494,0.011067753543547235
1082.5,0.02278754245345371,0.02274191080019417,0.02272170381308077,0.011086066149555148
1083.75,0.021997338661912426,0.02204833441876826,0.022009374040669046,0.0111043822255546
1085.0,0.021371773603359918,0.021462906586617873,0.021323388510716957,0.011122702031418104
1086.25,0.020893295547283475,0.02088116706327525,0.020688885437881614,0.011141025823058525
1087.5,0.020084826081402593,0.020139594835872625,0.019787574230036804,0.011159353852295283
1088.75,0.019089058555694392,0.019070617837657174,0.018789938696978835,0.011177686366714448
1090.0,0.01781461580444087,0.01772040670177398,0.017531785851181644,0.011196023609534731
1091.25,0.016153529151049142,0.01623133555141712,0.015940040578765857,0.011214365819466473
1092.5,0.014925595020366663,0.014908932467631699,0.01474603792200699,0.011232713230579236
1093.75,0.013686026204493738,0.013632433353873478,0.013523502937894574,0.01125106607216325
1095.0,0.012224646073944596,0.012237877352664819,0.01207865325026061,0.011269424568595615
1096.25,0.010803735862796919,0.010862948532813974,0.010679036053412777,0.011287788939204093
1097.5,0.009620196684066896,0.00962179783957056,0.00949678166717587,0.011306159398132913
1098.75,0.008598439185885265,0.008587937484818486,0.008442305737344108,0.011324536154209516
1100.0,0.007771795867221791,0.007777865392450929,0.007614423055729992,0.011342919410810478
1101.25,0.0072263380539222015,0.007147049397039607,0.00705599159168483,0.01136130936573014
1102.5,0.006611148815946049,0.006484988366654404,0.006377956388964022,0.011379706211047586
1103.75,0.005678548862597568,0.005711166489827227,0.005419334935476492,0.011398110132996044
1105.0,0.005003292960947851,0.005128562748856596,0.004860901786000398,0.01141652131183382
1106.25,0.005105922286510551,0.0050703416568184684,0.005106040491698092,0.011434939921712003
1107.5,0.005628565684115895,0.005518129398862958,0.005659538393128646,0.01145336613054942
1108.75,0.00578127569261767,0.005896993853863372,0.005854870452087164,0.011471800099903852
1110.0,0.006354828924793274,0.006528174768374692,0.006446216889159377,0.011490241984843134
1111.25,0.007703620361501997,0.007722253324740714,0.0077695482650977895,0.01150869193382301
1112.5,0.00925029418095329,0.009164548815927877,0.009259488126818564,0.011527150088561151
1113.75,0.010554325248701986,0.010537487420509932,0.010519241925899512,0.011545616583913934
1115.0,0.011794345045263496,0.011760445847440673,0.011685935947973906,0.011564091547753527
1116.25,0.013014592041826539,0.012969824211860952,0.012766943566608149,0.011582575100848666
1117.5,0.01424213958437912,0.014297982259590215,0.013842124317597375,0.0116010673567423
1118.75,0.015702214377551447,0.015660544295555467,0.015205084510540689,0.0116195684216353
1120.0,0.016835924483334413,0.016750567756947995,0.016418122648807536,0.01163807839426906
1121.25,0.017071315547250866,0.017102740457139748,0.01689399726794904,0.011656597365808563
1122.5,0.01675482374560191,0.016893417967811325,0.016872307063334036,0.011675125419728013
1123.75,0.01658479333255,0.016556623783239292,0.01696235065948604,0.011693662631699605
1125.0,0.016171063822369783,0.016079338106049678,0.016748639075129843,0.01171220906947895
1126.25,0.01522976380155023,0.015201781251358735,0.015907753020041243,0.011730764792800571
1127.5,0.013751517519271634,0.013794481736583847,0.014405617062680502,0.01174932985326194
1128.75,0.011922539904546498,0.011960560819364736,0.012481318543591203,0.011767904294223539
1130.0,0.00996809707921519,0.00996956037757645,0.010466470712500437,0.011786488150699825
1131.25,0.008158017014538926,0.008143756656287058,0.008594100536136061,0.011805081449258055
1132.5,0.006761397123424475,0.006813168801940788,0.007108314400447705,0.01182368420791466
1133.75,0.005969288838971869,0.005990672247626506,0.006236670092769136,0.011842296436036872
1135.0,0.005617162075720369,0.005494567768026494,0.0059520562796691046,0.011860918134244072
1136.25,0.005074540181957677,0.005102070637965057,0.00558977108741291,0.011879549294310924
1137.5,0.004881618726316575,0.0049607572718170095,0.00558124259975447,0.011898189899074886
1138.75,0.005475473537571821,0.005408428686736454,0.0063202453532476615,0.011916839922341382
1140.0,0.006379010583786195,0.006331306390831795,0.007367645810127658,0.011935499328795705
1141.25,0.007574234475003509,0.007694948565137483,0.008733905985462344,0.011954168073912102
1142.5,0.009649379460822637,0.009672623736151166,0.010973757320939512,0.011972846103869898
1143.75,0.012422672646485399,0.012297241653279431,0.013987787018242697,0.011991533355467253
1145.0,0.015178737429285338,0.01510802121406697,0.017147460433221358,0.01201022975604047
1146.25,0.018394947273388414,0.018386913601018053,0.020819628987394673,0.012028935223382529
1147.5,0.02245467975514834,0.022511854965510007,0.025335703089424236,0.012047649665665766
1148.75,0.027262284112016352,0.027374868440363576,0.030716463655840194,0.012066372981366019
1150.0,0.03266818780771509,0.032847079273041764,0.0368150138845881,0.012085105059189947
1151.25,0.03854370414140393,0.03844666691894169,0.04326866489538528,0.012103845778004515
1152.5,0.043679580568587735,0.04350068663346113,0.04887276931548843,0.012122595006765184
1153.75,0.046952194714570475,0.04697464735302356,0.052510991925117545,0.012141352604452402
1155.0,0.047968854320626,0.04803363746065094,0.05366923012287485,0.01216011842000663
1156.25,0.04683392234271441,0.04673550666058922,0.05223013114271994,0.01217889229226727
1157.5,0.04322861862458548,0.043180235911118595,0.048019677122750876,0.012197674049911157
1158.75,0.03766599227061892,0.03769473299871904,0.04170905085463963,0.012216463511399869
1160.0,0.031178578304001114,0.031254788027412474,0.034429761854467056,0.012235260484922687
1161.25,0.024788767951366083,0.024861296476643646,0.027276591716868515,0.012254064768345955
1162.5,0.01902832269106701,0.019017673572976658,0.020980533777553587,0.012272876149162849
1163.75,0.014232573841131009,0.014173593130022847,0.015752989817600312,0.012291694404450113
1165.0,0.010692787536994226,0.01067546793111748,0.011818275374978076,0.012310519300820215
1166.25,0.008371663748759516,0.00835574743095372,0.009197827105736009,0.012329350594384302
1167.5,0.006818295066996277,0.00686314450707863,0.007580159766497607,0.012348188030711372
1168.75,0.005924577583183742,0.005975178586957096,0.0067130602759052265,0.012367031344793422
1170.0,0.005417347675912882,0.005407990679340783,0.006205481561488616,0.012385880261012542
1171.25,0.004822444574097291,0.004752895386777907,0.005612789049214494,0.012404734493111176
1172.5,0.0041184884380992,0.004129720258506473,0.004849052633910934,0.012423593744163321
1173.75,0.0036500353274546457,0.003656728655781715,0.004273247463332122,0.012442457706554201
1175.0,0.0033483353416798207,0.0033135839920775535,0.0038467284672987333,0.012461326061954879
1176.25,0.003021318697936927,0.0029924127721941275,0.0034214348292123135,0.012480198481304751
1177.5,0.0027097942610886153,0.002706828397469036,0.0030667526417710797,0.012499074624797183
1178.75,0.0024006125059114194,0.00246742637146227,0.002805690581445276,0.012517954141865168
1180.0,0.002247846526529561,0.002261422657093439,0.0027495762100344626,0.012536836671174256
1181.25,0.0023116134711305353,0.0023451899679535113,0.0029120170872693274,0.012555721840612233
1182.5,0.002810730842077977,0.00285736043672812,0.0034485287586155707,0.012574609267288978
1183.75,0.0036690839512227252,0.003568430116744143,0.0043121480586045275,0.012593498557534506
1185.0,0.004260715930833436,0.004162208205380876,0.004929968761497157,0.012612389306901286
1186.25,0.004414458392651014,0.0044507793044989705,0.005141176011476879,0.012631281100170507
1187.5,0.004574425986395654,0.004706926985563554,0.005378570500066611,0.012650173511360767
1188.75,0.004992202912386244,0.004953458962882856,0.005831404190140974,0.01266906610374073
1190.0,0.00493431145615933,0.004921743671456848,0.005731537852735478,0.012687958429843984
1191.25,0.004559837249295111,0.0046474180010881916,0.00525724126644442,0.012706850031485684
1192.5,0.004421771429611409,0.00445606689277453,0.005042643513435306,0.012725740439787187
1193.75,0.0043675370253396465,0.004225356240807664,0.004947199280397695,0.012744629175199388
1195.0,0.003843740351992325,0.0038148976676034446,0.004364914395068679,0.012763515747531054
1196.25,0.00329652278511921,0.0032765836974410854,0.003735856012433498,0.012782399655980256
1197.5,0.002717380104294128,0.0026802143983062124,0.0030954257061628384,0.01280128038916875
1198.75,0.002037188256188451,0.0020487126058957882,0.0023750729781907526,0.012820157425181368
1200.0,0.0015209477363760876,0.001554855211599577,0.0017621804395118218,0.012839030231605836
1201.25,0.0012802017965719327,0.0012276718062852368,0.0013819323471701709,0.012857898265579277
1202.5,0.0009012670150259672,0.0009477252349500861,0.000949537411315603,0.012876760973834679
1203.75,0.0005818465982663349,0.000690934477417014,0.0006340846175886053,0.012895617792753014
1205.0,0.0005925722915635323,0.000661100613137973,0.0006647716576713669,0.012914468148419803
1206.25,0.000873789135981902,0.0008547496096416321,0.0008618255859736095,0.012933311456680193
1207.5,0.001207052098172497,0.0011674039257044072,0.001092896397662046,0.012952147123204064
1208.75,0.0014607554327473278,0.0014723835755809714,0.001304945457423195,0.01297097454354884
1210.0,0.0016629187661095113,0.0016624532905311167,0.0015105153329348193,0.01298979310323002
1211.25,0.0016737018433298097,0.001580412388916276,0.0015291985165056714,0.013008602177791474
1212.5,0.0014123905271742959,0.0012821042227182742,0.0012832591402947722,0.013027401132882411
1213.75,0.0009070002197629814,0.000931713302576767,0.0007934803865134711,0.013046189324335702
1215.0,0.0005022607022816881,0.0005839015897377068,0.00038122686537531034,0.013064966098250322
1216.25,0.0003243436169188397,0.00036753186869802713,0.00014605544548177075,0.013083730791078062
1217.5,0.0003371109998184829,0.0003391374119649238,0.00012948538593182923,0.01310248272971203
1218.75,0.0004261196499654496,0.0004173466958005914,0.00019226652211088208,0.013121221231580145
1220.0,0.0004633243010880019,0.0004941533663284629,0.0002306230217134275,0.013139945604740204
1221.25,0.0005629576355260891,0.0005306441397420348,0.000326779520588226,0.013158655147982066
1222.5,0.000666483965565814,0.0006597951149260092,0.0003927227875159573,0.013177349150929052
1223.75,0.0007785185262558042,0.0008385317898043077,0.00047711629996688865,0.013196026894144317
1225.0,0.0009929610950106594,0.001021822720306051,0.0006456072579880209,0.013214687649242609
1226.25,0.0013139242902012876,0.0013197772602126995,0.0008836626877057506,0.013233330679004052
1227.5,0.0017189508556979519,0.0016551992916196965,0.0011613979775574573,0.013251955237489094
1228.75,0.0019284972475248215,0.001877197161733649,0.0012881837569975265,0.013270560570158641
1230.0,0.002016644029330087,0.0020188341276897825,0.0013775378519522965,0.013289145914002438
1231.25,0.0020991808518331934,0.002057019334661524,0.001508319642903609,0.013307710497659537
1232.5,0.0020800968703538424,0.0020942999695595394,0.0015677821035519248,0.013326253541555269
1233.75,0.00224471903693994,0.002233230019182652,0.0017950057885955234,0.01334477425803002
1235.0,0.0024135677830275223,0.0024427614539674044,0.0020150692134476163,0.013363271851479962
1236.25,0.002722244138686332,0.002768474935065393,0.002355692492855254,0.013381745518495207
1237.5,0.0032270283042975553,0.0032780852669187757,0.0029187979901327548,0.013400194448005212
1238.75,0.004049476063078092,0.0041072014208453364,0.003752293178179429,0.013418617821422991
1240.0,0.005244868260216417,0.005259366153181928,0.00493215023158042,0.013437014812798728
1241.25,0.006529517080874125,0.006448126921612765,0.006192268591166245,0.013455384588971006
1242.5,0.007569325098030297,0.0074730575381597416,0.007209447686441512,0.013473726309723199
1243.75,0.00836240107802071,0.0084376779664604,0.008009374042112547,0.01349203912794489
1245.0,0.009611592091668942,0.00957662167168423,0.00924612114019713,0.013510322189789623
1246.25,0.01081486072827221,0.010745471024082987,0.010474477217143695,0.0135285746348467
1247.5,0.011309249641453623,0.011301456878449582,0.011065674261784564,0.013546795596305176
1248.75,0.011351037171271424,0.011400685570587044,0.011267484742569956,0.013564984201127252
1250.0,0.011562035775879926,0.011496615196447348,0.011578282476745192,0.01358313957022052
1251.25,0.011571016478852636,0.011681221390066228,0.011689039870600156,0.01360126081861685
1252.5,0.012079122576302309,0.012172020326203004,0.012220449825349214,0.013619347055652665
1253.75,0.013156234288304744,0.013103367580760026,0.013266460977387684,0.013637397385147519
1255.0,0.014088983347227175,0.013996244494090005,0.014230869514013351,0.013655410905594384
1256.25,0.014428000920848772,0.014442904390807894,0.014701039735613847,0.013673386710344178
1257.5,0.014811458330345813,0.014856582351539329,0.015185393780539335,0.013691323887794793
1258.75,0.01552477350310777,0.015484470248401992,0.015899453138485908,0.013709221521585413
1260.0,0.016236957222092684,0.016230159073589982,0.01654032341911691,0.0137270786907919
1261.25,0.016937345973768524,0.01697190744702425,0.01722168014378222,0.013744894470121807
1262.5,0.01754438093626958,0.0175701835869093,0.017902107598850688,0.013762667930115184
1263.75,0.018002610748602675,0.018091752823202332,0.018477614118202472,0.013780398137344675
1265.0,0.018425798257342394,0.018402542828260707,0.01895118755704443,0.013798084154621729
1266.25,0.018534319582449124,0.018437769243765747,0.019082013999912186,0.013815725041197201
1267.5,0.018150936546917896,0.01803508357126627,0.01866016615305177,0.013833319852972672
1268.75,0.017062793259008294,0.017171653636715866,0.01761522239905347,0.013850867642707789
1270.0,0.016355984589787015,0.016435443668868156,0.016941032259683474,0.01386836746023026
1271.25,0.01646573112035447,0.016364908181029616,0.016998588768737402,0.013885818352649622
1272.5,0.016366265544915465,0.016266776167714346,0.01681316150591724,0.013903219364568935
1273.75,0.015504909379979065,0.015614991965984244,0.015981706224082393,0.013920569538302013
1275.0,0.01479266839198042,0.014913084036797947,0.015336391807944195,0.01393786791408733
1276.25,0.014879818498315276,0.014836898985318038,0.0154145131291791,0.013955113530307142
1277.5,0.01520408277781675,0.015111869176171806,0.015717258113334083,0.013972305423705905
1278.75,0.015328397270673583,0.015343182741647457,0.01587992189964205,0.01398944262960876
1280.0,0.015305870558390302,0.015321823118317916,0.0159694919846039,0.01400652418214218
1281.25,0.015449942489019144,0.015455763565103283,0.016134366154278088,0.014023549114455493
1282.5,0.016023934615731615,0.01609706744831034,0.016668018170205294,0.01404051645894174
1283.75,0.016924414998271846,0.01682223378006925,0.0176173363096927,0.014057425247460136
1285.0,0.01752453693720549,0.01743889554600813,0.018406407359862022,0.014074274511558233
1286.25,0.0183550948381714,0.01844536704664589,0.019391947753339703,0.014091063282695368
1287.5,0.020105123443219058,0.020174140077149873,0.02128032771659924,0.014107790592464555
1288.75,0.02272486643927255,0.02266181782859212,0.024088577112004194,0.014124455472814278
1290.0,0.025255166559555325,0.025322704658058522,0.026943358627577366,0.01414105695627382
1291.25,0.028323822494589514,0.028327903532982972,0.030341229644146542,0.014157594076174616
1292.5,0.03225959297338091,0.032170226735387115,0.03427205840738354,0.01417406586686787
1293.75,0.03624017750019544,0.03624259415369217,0.03806513930423932,0.014190471363955626
1295.0,0.039341195239471806,0.039420649013316524,0.04118132401940631,0.014206809604500735
1296.25,0.0412342588871081,0.04116320028820878,0.04340253184394039,0.014223079627254711
1297.5,0.04221455824289544,0.042174305617608425,0.04463373030060624,0.01423928047287173
1298.75,0.04272309922991007,0.042846046218933176,0.04515731364877107,0.01425541118413085
1300.0,0.04326717665367277,0.04328735578639785,0.04553239587507418,0.014271470806147763
1301.25,0.04352593575465968,0.04336685872751123,0.04557750029509385,0.01428745838659435
1302.5,0.04273950363334302,0.042737230368041716,0.04463634014834152,0.014303372975911405
1303.75,0.04139474875234091,0.041511235985982824,0.04309071055663677,0.01431921362752044
1305.0,0.03972849468774626,0.03972594649853388,0.04119174914951797,0.014334979398034716
1306.25,0.03753788157012476,0.03744886783715658,0.038809397351030374,0.014350669347466753
1307.5,0.034845072003872796,0.03493040209524236,0.03596933665832191,0.014366282539436033
1308.75,0.03267618254186397,0.03281104642925228,0.03367476439034814,0.014381818041372988
1310.0,0.030964754857521495,0.03085838912207737,0.03181484634121229,0.01439727492472121
1311.25,0.02874842701378698,0.02858545198811924,0.029504832554729226,0.014412652265138926
1312.5,0.026037466815200316,0.026013300511927802,0.026723162585793013,0.0144279491426909
1313.75,0.023271262986518673,0.023310894798354888,0.023929168904901283,0.014443164642048279
1315.0,0.02107280173803977,0.021139578806473432,0.02159061473556704,0.014458297852676981
1316.25,0.019337356820242988,0.01939386177639967,0.019741186217538467,0.014473347869029186
1317.5,0.017969233395197615,0.017941696063749638,0.01828722272878497,0.014488313790723293
1318.75,0.016695943263460744,0.016667470161186485,0.01691645082842403,0.01450319472273184
1320.0,0.015222433576767447,0.015316803057069235,0.01532643615554954,0.014517989775558333
1321.25,0.013953558451314367,0.01403281288683764,0.01403615532782529,0.014532698065408781
1322.5,0.013170869613585932,0.013124846195243995,0.013224641034738237,0.014547318714370485
1323.75,0.012587337277887458,0.012419065669428863,0.01248827398429087,0.01456185085057379
1325.0,0.011740997745094166,0.011709308879075508,0.011490865193379407,0.014576293608358116
1326.25,0.011031303762476562,0.011121987417632415,0.010723939959481406,0.01459064612843233
1327.5,0.010588122557221073,0.010602222788178297,0.010311717764460772,0.014604907558032034
1328.75,0.010128784451613417,0.010088937728983054,0.009829197937395775,0.014619077051067048
1330.0,0.009728478227454209,0.009762638653797498,0.00932642548132016,0.014633153768273293
1331.25,0.009670047131057647,0.009670234576669209,0.009089588338429253,0.014647136877353684
1332.5,0.009455083722154305,0.00944837893043358,0.008804935992875108,0.01466102555311565
1333.75,0.009171381998965299,0.009183125722861465,0.008542200956448219,0.014674818977607253
1335.0,0.009009314507911334,0.009050935109205583,0.008421556242592164,0.01468851634024414
1336.25,0.009033661924242967,0.009023534318599376,0.008410972015592008,0.014702116837935595
1337.5,0.00911491076267048,0.00911420274228958,0.008426490069222596,0.014715619675202027
1338.75,0.009372420387470732,0.009366468511104911,0.008630605090441477,0.014729024064291564
1340.0,0.009602317013984335,0.009495661130250662,0.008850007687547984,0.01474232922528644
1341.25,0.009265177527391281,0.009187720226389915,0.008524262230885333,0.014755534386212238
1342.5,0.008560578060762668,0.008568083207424426,0.007878710830576351,0.014768638783130303
1343.75,0.007948503162774522,0.008026039905567637,0.007318664900406971,0.01478164166023678
1345.0,0.007611396885713208,0.0077080439109967,0.007019270179374668,0.014794542269949194
1346.25,0.007669736687020692,0.007720412319588254,0.00707508658023163,0.014807339872990979
1347.5,0.008078711355178477,0.008064142266847143,0.007380785904303756,0.014820033738464555
1348.75,0.007951036423752314,0.008000393811481737,0.007409851081908105,0.014832623143930647
1350.0,0.007873843545987889,0.007892178925777826,0.007318046411233431,0.014845107375469895
1351.25,0.010348350918795242,0.01032281099444546,0.007711409243614383,0.014857485727746273
1352.5,0.016730702366821937,0.01663610445641902,0.008934197867771498,0.014869757504062038
1353.75,0.02058820017447801,0.020484822296395915,0.009450748445753315,0.014881922016408573
1355.0,0.01703853925112783,0.017005552609990527,0.008086436243186022,0.014893978585510535
1356.25,0.010025854546454696,0.010029277518985495,0.006035113544293448,0.014905926540866952
1357.5,0.005618348558137193,0.005623390594999738,0.0047727815714383994,0.014917765220781214
1358.75,0.004703963300945554,0.004695004434060252,0.004397534333828359,0.01492949397239245
1360.0,0.004471044529109461,0.0045798660046547255,0.004114233806840854,0.014941112151696426
1361.25,0.004585114618394092,0.004694938608938468,0.004173093508172195,0.01495261912356221
1362.5,0.004997730845745551,0.005005935335637085,0.0045211732569227624,0.014964014261747167
1363.75,0.005268319682481644,0.00527924067482551,0.004821743159196699,0.014975296948895756
1365.0,0.005444058699913258,0.005327637120014535,0.005014471540781662,0.014986466576548431
1366.25,0.0051714189890920475,0.005177112005150493,0.004723820261684039,0.014997522545132305
1367.5,0.004754506630355598,0.004828371877092423,0.004324563145214789,0.015008464263952812
1368.75,0.004562298034388194,0.004538777732239318,0.004121692008069206,0.015019291151177994
1370.0,0.004408824908218907,0.00427598745999905,0.003907802116372181,0.015030002633818308
1371.25,0.0038778082747108517,0.003934448189689793,0.003346052212321974,0.015040598147700682
1372.5,0.0035467705464936024,0.003446670919741987,0.002975601213113859,0.015051077137440375
1373.75,0.002593232415324035,0.0025178399381003405,0.002024784724087658,0.015061439056402812
1375.0,0.0010368135920813138,0.0012620774566720193,0.0006346995787357454,0.015071683366665726
1376.25,0.00042869075750223023,0.0005472265136951979,0.00018224673006777108,0.015081809538975382
1377.5,0.0003555393825052578,0.00032866334487147007,0.00015901233366997686,0.015091817052692923
1378.75,0.00042310110087607204,0.0003476943021526521,0.00019242935605019278,0.01510170539574505
1380.0,0.00042568529335132693,0.00040611002021087654,0.00018750736125433009,0.015111474064564184
1381.25,0.0003820573318655366,0.00036418405869096494,0.00013767925668899667,0.015121122564028033
1382.5,0.00044106219734650176,0.0004237180228282539,0.00011955644016567544,0.015130650407389
1383.75,0.0014897488634647528,0.0014264190148844684,0.0003670485806010573,0.015140057116209343
1385.0,0.0028139316929886907,0.002766337792977886,0.0006843810280740426,0.015149342220283697
1386.25,0.002422822443248975,0.0024487476517265194,0.0006095810813168304,0.015158505257562049
1387.5,0.000981889223307919,0.0010621008175424214,0.0003211202982550782,0.015167545774072123
1388.75,0.0006264449935815772,0.0006108047159997423,0.00040736535846347903,0.015176463323828014
1390.0,0.0007810276178630906,0.0008126792310328691,0.00048760945867041584,0.015185257468752333
1391.25,0.0006718637189206404,0.0007035868449787251,0.00039773874737517154,0.015193927778578375
1392.5,0.0006640408817832188,0.0006919814831337805,0.0003841940336455598,0.015202473830760161
1393.75,0.0007552395553073996,0.0007628043141606244,0.00041676683431388057,0.015210895210377919
1395.0,0.0006458646971742811,0.0006847206101032313,0.00031554543607614056,0.01521919151003987
1396.25,0.0004885702898770329,0.0004937204032614364,0.00022286246762649948,0.015227362329780593
1397.5,0.0004702288073310345,0.0004300007302167594,0.00022348310996453923,0.015235407276962678
1398.75,0.0003816840981074115,0.000358776502078829,0.00016953014555698222,0.015243325966171456
1400.0,0.0005309419766888179,0.0005016603069518692,0.00028655702895496397,0.015251118019108497
1401.25,0.0008687844417805386,0.0008220946151053591,0.000598183016073148,0.015258783064489918
1402.5,0.0012064115503101775,0.0010841517460024811,0.0009213125012543735,0.015266320737934708
1403.75,0.001293977079465036,0.0012470725001287484,0.0010490216936350507,0.015273730681861655
1405.0,0.001403502724022008,0.001459573557845749,0.00123056356329293,0.015281012545376197
1406.25,0.0017605397374924716,0.0018798972838433433,0.0016702386689987194,0.01528816598416303
1407.5,0.0024715042649909045,0.002501630949753366,0.0024401082231944133,0.015295190660380651
1408.75,0.00344909441824015,0.0034549888021054545,0.00341140781354402,0.015302086242547716
1410.0,0.00461072055707279,0.004635391211638229,0.004604953358327625,0.015308852405437664
1411.25,0.005925266253043133,0.005881363038179835,0.006038624962781871,0.015315488829970695
1412.5,0.007206553740390523,0.007221979916920204,0.007466399142572809,0.015321995203104713
1413.75,0.008574643463335203,0.00861212856153201,0.008860006178650239,0.01532837121773324
1415.0,0.01014916229346911,0.010144368111883012,0.01039577885197471,0.015334616572578912
1416.25,0.011660990784902564,0.011706853951520744,0.01194075767398664,0.015340730972091713
1417.5,0.013016630454907297,0.013077232429615138,0.013460894641957828,0.015346714126343877
1418.75,0.014299077093799902,0.014192097285864179,0.014892843669354226,0.015352565750936875
1420.0,0.0152038453649435,0.015072051862869775,0.015935603180876556,0.015358285566904004
1421.25,0.015997353742296806,0.01597392464781704,0.016871512130199308,0.015363873300611569
1422.5,0.017426005690834637,0.017493628552786078,0.01844992586282175,0.015369328683673241
1423.75,0.019890599086067724,0.019822639786076287,0.02106017235991214,0.015374651452858722
1425.0,0.022890215528982166,0.02289295054887615,0.02430172160675785,0.015379841350009197
1426.25,0.02668986697313491,0.026808724563291655,0.028457218157146705,0.015384898121960805
1427.5,0.031598148862891653,0.031704717559328,0.0337628552388828,0.015389821520458034
1428.75,0.03762066560421162,0.037626536942896804,0.0402201427532879,0.015394611302088213
1430.0,0.04464560903719396,0.04457466476613937,0.047624369274111296,0.015399267228208715
1431.25,0.052305119045575124,0.05222495108335247,0.055638390473836966,0.015403789064882283
1432.5,0.059880470060529774,0.05985489090833751,0.06360498306745528,0.015408176582816981
1433.75,0.06667368908402267,0.0666856918490624,0.07074242748929131,0.015412429557311345
1435.0,0.07216819516834981,0.07216947030628601,0.07645066284096037,0.015416547768202405
1436.25,0.07605694333708567,0.07617067334271453,0.08042184605483158,0.015420530999824012
1437.5,0.07839773994489144,0.07843935316575704,0.08271310494971203,0.015424379040961625
1438.75,0.07929042503902861,0.07920987901549906,0.08342224679538539,0.015428091684823494
1440.0,0.0788089644380841,0.07873526737654092,0.08273189668539674,0.015431668729010601
1441.25,0.0774511226769931,0.07735214128461135,0.08106135035348935,0.015435109975494793
1442.5,0.0755729094465133,0.07556664261971341,0.07878524497174064,0.015438415230602045
1443.75,0.07345130088154771,0.07361477258361898,0.07638478818781565,0.015441584305001562
1445.0,0.07143365408438909,0.07147578998147375,0.0744093977722525,0.015444617013708055
1446.25,0.06944291198130219,0.06944598458496043,0.07251408611104408,0.01544751317607955
1447.5,0.06777682884279741,0.06784049119503356,0.07077693608304973,0.015450272615829706
1448.75,0.06642329524097916,0.0663228375272691,0.06925885484897389,0.015452895161047232
1450.0,0.06475211057286714,0.06456516506401175,0.0675466925484508,0.01545538064421682
1451.25,0.06245102785214637,0.062478895290156156,0.06537219542717033,0.015457728902254941
1452.5,0.06046293123126221,0.06062415054693732,0.06337824510745566,0.015459939776542213
1453.75,0.05925879374479364,0.0592919134698047,0.06200157638209977,0.015462013112978804
1455.0,0.058002626714386905,0.0580047125440401,0.06052567323188231,0.01546394876202887
1456.25,0.05623159171052516,0.056281914153978686,0.05869158285828289,0.015465746578789673
1457.5,0.05427294698587917,0.054196029675275634,0.05663835373020049,0.015467406423056914
1458.75,0.051897734492714676,0.05181412049186462,0.05410037168748158,0.015468928159400826
1460.0,0.04915129311197478,0.04912951513845313,0.05113114396396636,0.015470311657253709
1461.25,0.04610013589027623,0.046147545532858714,0.04789305113394721,0.015471556790999721
1462.5,0.04307890540120974,0.04314560096248517,0.04468357774733006,0.015472663440079143
1463.75,0.0400000839661262,0.03996556216258358,0.041474007179416204,0.01547363148909023
1465.0,0.03644698223281876,0.03638894436966417,0.037865463299165326,0.015474460827913837
1466.25,0.032769250970565295,0.03280097537824954,0.03408562095052386,0.01547515135183155
1467.5,0.02951700803723028,0.029572505501723904,0.03057334784237885,0.015475702961659687
1468.75,0.026629918132017327,0.02654968314212894,0.027462757362367387,0.01547611556389097
1470.0,0.023535884745820915,0.023477880655815807,0.024253639477487172,0.01547638907084104
1471.25,0.020271120850599865,0.020273333208851354,0.020931128870999547,0.015476523400806337
1472.5,0.017143977258906103,0.017099801882143585,0.017761054768002965,0.015476518478226689
1473.75,0.014020784849685292,0.014145962685991999,0.014724407035550665,0.015476374233859022
1475.0,0.011605411540354134,0.01177290455755674,0.012290220195128139,0.01547609060495579
1476.25,0.01008056622789243,0.01007401761692458,0.010570390279359505,0.015475667535453368
1477.5,0.00850892560311196,0.00840636100392545,0.008890019917221298,0.015475104976168537
1478.75,0.006723176177789083,0.00679366716997909,0.007196796282574407,0.015474402884999168
1480.0,0.005563595125929717,0.005563294504540511,0.00610145730711281,0.015473561227137661
1481.25,0.004771697366792945,0.00466946165932861,0.005297548146583395,0.015472579975288111
1482.5,0.004043356101907195,0.004002989675535067,0.004518648321417146,0.015471459109889807
1483.75,0.003637750913852226,0.0035778880281468898,0.004047562392623913,0.01547019861935389
1485.0,0.00335145093960789,0.003267923858668432,0.003727553514941187,0.015468798500300949
1486.25,0.002893502799509214,0.0029620477826476877,0.0033067472971604265,0.01546725875780823
1487.5,0.0026933071631338374,0.0027923863832007216,0.003153665845446382,0.01546557940566453
1488.75,0.0028691759130384034,0.002879648387693286,0.0033257027100124406,0.015463760466631908
1490.0,0.0031711893438612724,0.003092702425962178,0.0036185619552811413,0.015461801972708727
1491.25,0.003307155935326717,0.0033983218786136737,0.0038076786562337493,0.01545970396540977
1492.5,0.0037825886718470024,0.003909462411039011,0.004347064087295631,0.015457466496043192
1493.75,0.004741490621733091,0.0047388603467336905,0.00533503134711928,0.015455089625997346
1495.0,0.005727280115146232,0.005615430029718962,0.006347213062873001,0.01545257342703174
1496.25,0.006326875159960657,0.006271865497230329,0.007029019862494662,0.015449917981578855
1497.5,0.006665383782647474,0.006713413136179972,0.007439488876976013,0.015447123383046544
1498.75,0.007318728154371544,0.007287123313666809,0.008213912879204812,0.015444189736126991
1500.0,0.008077931063925958,0.008005333543535425,0.009145393515489184,0.015441117157110195
1501.25,0.008820196894259245,0.008827945276893946,0.010122385928026974,0.015437905774207086
1502.5,0.010109209734244798,0.010159054463981158,0.011555571794256644,0.01543455572787155
1503.75,0.01206112787729016,0.012083480900176462,0.013654009678848859,0.015431067171129405
1505.0,0.014401210485960233,0.01429956133023242,0.016201097799817148,0.015427440269914175
1506.25,0.016458668994992518,0.016515924042468055,0.0186505433993111,0.015423675203401667
1507.5,0.018763193752857066,0.018817852334547417,0.021416512179386085,0.0154197721643552
1508.75,0.02175619154590821,0.021814575825173443,0.024850413931585123,0.015415731359467728
1510.0,0.025417664585480917,0.025413136209342005,0.02887576792865595,0.015411553009712831
1511.25,0.02927838209455501,0.029254485179627327,0.033095674069005224,0.015407237350694781
1512.5,0.0331016081396428,0.03304712662302059,0.03735894393639971,0.01540278463300517
1513.75,0.036373949872691796,0.03644128291477581,0.04119748210166107,0.015398195122579447
1515.0,0.03968945686078129,0.039703109151859754,0.04503069794973828,0.01539346910105608
1516.25,0.04318185686039424,0.043074824997752836,0.04878640823485107,0.015388606866141649
1517.5,0.0459673995229134,0.045900785738283774,0.05173530712874121,0.015383608731969409
1518.75,0.04757098620601364,0.04759274076347593,0.053509558077555176,0.015378475029468442
1520.0,0.048396918155393966,0.04850796253118724,0.05445152276345642,0.015373206106729362
1521.25,0.048647294279058895,0.048719954608215314,0.054607324190752496,0.015367802329371537
1522.5,0.04779767411843427,0.04777583082042532,0.053483416401635994,0.015362264080909755
1523.75,0.04570627760548698,0.04562655008261404,0.05106413472820145,0.015356591763122067
1525.0,0.04241765934881505,0.04236479920751694,0.04740426470837605,0.015350785796421563
1526.25,0.03818345671053216,0.038189517013297446,0.04274813867734813,0.015344846620218162
1527.5,0.03358148248978647,0.033594358967120055,0.037570088535403334,0.015338774693290792
1528.75,0.028887181478032355,0.028904668471938386,0.032227939081333694,0.015332570494147872
1530.0,0.02413848287290845,0.024120666876423814,0.02685636575136839,0.015326234521393966
1531.25,0.01925116287845069,0.01933160488502693,0.021500024886979885,0.01531976729409378
1532.5,0.015047545417071439,0.015121574408150382,0.016965520540037658,0.015313169352124536
1533.75,0.01176057586207514,0.011639508900717728,0.013319031871182265,0.015306441256541767
1535.0,0.008872369770989385,0.008780664252169708,0.01006597458218157,0.015299583589925756
1536.25,0.006453740753511414,0.006533206078029564,0.007321743001841529,0.015292596956734196
1537.5,0.005079963927990514,0.005101393840282595,0.005727129397651866,0.015285481983648354
1538.75,0.004181310039776617,0.0042080507998860876,0.004645203397039903,0.015278239319913865
1540.0,0.0034072409442641536,0.003440858190405748,0.003741593639663209,0.015270869637675648
1541.25,0.00275029097730801,0.0027082308276930155,0.003017695691046633,0.015263373632308867
1542.5,0.00215234219633624,0.0020317232531079127,0.0023239653165302815,0.015255752022744247
1543.75,0.0014809123798911075,0.0014998170549605588,0.0015411397316217193,0.015248005551783073
1545.0,0.0010373471173716646,0.0010531217989828295,0.0010117749295448183,0.01524013498641081
1546.25,0.0006302329527451374,0.0006429189950547227,0.0006012158607590466,0.015232141118096247
1547.5,0.00036876727982055755,0.00040654405563450975,0.0003177463613687069,0.015224024763087948
1548.75,0.0002965572246187328,0.00037233972567528013,0.00016261256482557793,0.015215786762696195
1550.0,0.0003685528272088346,0.0003953920099579959,0.0001736573447047832,0.015207427983570772
1551.25,0.00034810004496946154,0.0003668174272794683,0.00018507683367387478,0.015198949317964868
1552.5,0.00042643064362959254,0.00043526527856752094,0.00020592986035947668,0.015190351683984105
1553.75,0.0005861790183322673,0.0005763118406883557,0.00022280124704983397,0.015181636025834796
1555.0,0.0006735113674008538,0.0006516003610699272,0.00027207588646909663,0.015172803314046775
1556.25,0.000636442414857448,0.0006043534714208134,0.0002806714989749112,0.015163854545690704
1557.5,0.0004823562639490617,0.00045548909202678707,0.00021232901839684983,0.015154790744576558
1558.75,0.00028948102603703604,0.00027372668053293894,9.841487995514144e-05,0.015145612961441318
1560.0,0.00023769138002193343,0.000191194122886109,8.582690197709848e-05,0.015136322274115483
1561.25,0.0002841642624666879,0.000282616472321033,0.000129755060252587,0.015126919787674855
1562.5,0.000535911257635296,0.0004946534120824677,0.0002822900325843298,0.01511740663457617
1563.75,0.000698321948515108,0.0006830878920846924,0.00043227579185121587,0.015107783974768328
1565.0,0.0007272782891745533,0.000738129466359465,0.0004603479467701553,0.01509805299578751
1566.25,0.0007162517834933784,0.0007193117104406976,0.0004410712730973152,0.01508821491282848
1567.5,0.0007864514348645415,0.0007722653546929316,0.00047292337470320183,0.015078270968798355
1568.75,0.0009592816221261638,0.0009574990660037652,0.0005732656601615378,0.015068222434337529
1570.0,0.0012064958846657893,0.0012170377425068499,0.0007720419626667099,0.01505807060782304
1571.25,0.0013444905024721607,0.001392445312260329,0.0008881386246459004,0.015047816815343664
1572.5,0.0014561354433093412,0.0014108273123260976,0.0010207908450009726,0.015037462410647339
1573.75,0.0012201067711536595,0.0011576112143886247,0.0008449730289271445,0.015027008775059159
1575.0,0.0008049219979137332,0.0008726621805819728,0.0005090459725146716,0.015016457317368889
1576.25,0.0007093760214376808,0.0007900238777247727,0.0004375707382581369,0.015005809473687296
1577.5,0.0010955209416923363,0.0010455411610216223,0.0007236991961229196,0.014995066707270925
1578.75,0.0014231732120815624,0.0014275914420627466,0.0009957549180601676,0.014984230508307477
1580.0,0.0015678864779129908,0.0017061861638087619,0.0011670247999903507,0.014973302393670996
1581.25,0.0018875634259466617,0.0019514205670296226,0.0015623638195550807,0.014962283906632576
1582.5,0.0022751233757527392,0.002172969317648222,0.001982694974036156,0.014951176616539915
1583.75,0.002213385553357944,0.0022364015987694674,0.0019315658391125252,0.014939982118445367
1585.0,0.0021769080661383122,0.0022261702801929383,0.001873331405466963,0.014928702032703833
1586.25,0.0023763621569043427,0.002301828415777688,0.0020711424405961774,0.014917338004512695
1587.5,0.0025482320017756817,0.0024695102095278363,0.0022537017367994902,0.014905891703417933
1588.75,0.0025589213491012666,0.002639002864745057,0.0022565280105973817,0.014894364822763982
1590.0,0.0028340336528796632,0.0027940157454648205,0.0025019237432588317,0.014882759079098754
1591.25,0.002903361318342546,0.0028793547506879976,0.0025722093997362617,0.014871076211528132
1592.5,0.002922726135368821,0.0029273373920236695,0.0026249912148712373,0.0148593179810139
1593.75,0.0030426770021109266,0.0030723490117300694,0.0027477043670988298,0.014847486169619088
1595.0,0.003453892797069486,0.0034490773579540644,0.0031254592806978904,0.014835582579701505
1596.25,0.003908338240022411,0.003860175786944433,0.003538827991505009,0.01482360903304379
1597.5,0.004070236282534307,0.004154063433891681,0.0036896476325133307,0.014811567369927508
1598.75,0.004595224567098826,0.004618307631306683,0.004155943319060932,0.014799459448147792
1600.0,0.005211447123679962,0.005239625424867187,0.004699471198670318,0.014787287141964369
1601.25,0.005778986438124318,0.005690131390991475,0.005229328146003812,0.014775052340990944
1602.5,0.005681484981353775,0.00566732060985206,0.005187347927048865,0.014762756949019238
1603.75,0.005276734931195295,0.0052202400159685365,0.004860665891967615,0.01475040288278198
1605.0,0.00498261521937643,0.004963299320914373,0.004553638641993098,0.014737992070640289
1606.25,0.005015065920096044,0.005098501289957124,0.004540922295431995,0.014725526451216804
1607.5,0.005521011576760697,0.005461591779381628,0.005044668999317451,0.014713007971952552
1608.75,0.005713560913644663,0.005647727435913721,0.005248501903739249,0.014700438587596426
1610.0,0.005391964214539645,0.005362807479283344,0.004931036344694343,0.014687820258630767
1611.25,0.004843397443292747,0.004868879654512993,0.004452993190242113,0.014675154949627421
1612.5,0.004383396751917462,0.004474741936863869,0.004102588997297706,0.01466244462752949
1613.75,0.004268122718281197,0.004291795230183982,0.003997409017634866,0.014649691259876706
1615.0,0.004284446681301458,0.004334227282977464,0.003975938282780465,0.014636896812952537
1616.25,0.004567639381238302,0.0045668045320209905,0.00419679508379837,0.014624063249873845
1617.5,0.0047875940418888865,0.0047754191810213354,0.004418509299783398,0.014611192528609084
1618.75,0.00474605611927247,0.004710433658929874,0.004441673868383696,0.014598286599937033
1620.0,0.004545470984710147,0.004560179054961946,0.004344238569401352,0.0145853474053437
1621.25,0.004550058910518309,0.004597692793577253,0.004390777700016356,0.014572376874857757
1622.5,0.004884518060768129,0.004880941098658374,0.0046750409012627555,0.014559376924831708
1623.75,0.005230006958775853,0.005160106412419164,0.004966352248421738,0.014546349455664047
1625.0,0.005453288301569537,0.005423872048549387,0.005213602000228062,0.014533296349478503
1626.25,0.005802686888422007,0.005844192976896708,0.0056161185669206136,0.014520219467745942
1627.5,0.006505797198073116,0.006497275211712161,0.006315979784088073,0.014507120648873021
1628.75,0.007307939232208016,0.007250842007100989,0.007109796218800127,0.014494001705743276
1630.0,0.008009709264217901,0.007997744181522782,0.00783409983459908,0.014480864423225472
1631.25,0.008677295422720251,0.008702995275073466,0.008499858890278178,0.014467710555659484
1632.5,0.009259256429898065,0.00932384968937605,0.009114670562979663,0.014454541824306603
1633.75,0.00976516148218474,0.009816710193890826,0.009730706205761403,0.014441359914789358
1635.0,0.01026304142847877,0.010213743319915604,0.01029891002269626,0.01442816647451753
1636.25,0.010731035618238642,0.010763613232426,0.010794918994635872,0.014414963110106824
1637.5,0.011602755780808913,0.011671413354847535,0.011669673285074443,0.014401751384797445
1638.75,0.012997263846965182,0.012923427882063203,0.013092373017906478,0.0143885328158875
1640.0,0.014446228998472371,0.014323723694872972,0.014567467970256742,0.014375308872169108
1641.25,0.01543697218666543,0.01536133353203055,0.01573977829246979,0.014362080971402198
1642.5,0.016640598220588575,0.01667665275678242,0.017224439850677502,0.014348850477806199
1643.75,0.01882456750590866,0.018954150941665752,0.01963664806768681,0.014335618699599399
1645.0,0.022190931868111607,0.022187793636657935,0.023129771647918716,0.01432238688657862
1646.25,0.02599910647654909,0.026036010058789236,0.0270403535528068,0.01430915622776095
1647.5,0.02976728435549746,0.029828474795801876,0.03107585772901978,0.014295927849080424
1648.75,0.03347349224140738,0.033438796183223464,0.035039534311752676,0.014282702811164864
1650.0,0.036758743932008786,0.03663779195498433,0.038448739036022556,0.014269482107188435
1651.25,0.038966717275805314,0.038970316139732245,0.04068775844449552,0.01425626666081493
1652.5,0.04002890443631311,0.04012291927044276,0.041695766283529265,0.014243057324234426
1653.75,0.040054585483289516,0.03996508537160369,0.041517886872700985,0.014229854876311772
1655.0,0.03845568175204334,0.03839366210731065,0.03966046684766839,0.014216660020838691
1656.25,0.035480535110924215,0.035611830578732115,0.036472351849865525,0.014203473384916265
1657.5,0.03228594191651234,0.032344452785392254,0.03297694903175057,0.014190295517459029
1658.75,0.029239849393404856,0.029148046131460218,0.029638972456431805,0.014177126887834247
1660.0,0.026216878053579487,0.026110831115563254,0.026459397858721978,0.014163967884646423
1661.25,0.023401678764317608,0.023503124406098048,0.02362527155691427,0.014150818814665752
1662.5,0.021548420017415162,0.0215680435608876,0.021700006961468066,0.014137679901911771
1663.75,0.020330194911501304,0.020326866703623513,0.020401260617281477,0.014124551286894643
1665.0,0.01920526620467173,0.0192008950112872,0.019233527968931578,0.014111433026021619
1666.25,0.018111450799780663,0.01817996624633935,0.01813511646495364,0.014098325091166115
1667.5,0.01748500141063191,0.01752602668052768,0.017426359403871727,0.014085227369412489
1668.75,0.0170699487634079,0.016975370849082475,0.016882964115438676,0.01407213966297047
1670.0,0.01624442109457412,0.01614604960783594,0.0159632562597682,0.014059061689264171
1671.25,0.015079024750578944,0.015127753080376076,0.014734600605218064,0.014045993081199368
1672.5,0.014249852018709224,0.01424378842522641,0.013756128262127635,0.014032933387610134
1673.75,0.01344294236004123,0.013382207821441922,0.012858920170768728,0.014019882073871313
1675.0,0.01226897390224351,0.012281720142816657,0.01168358311334889,0.01400683852270249
1676.25,0.010887230980238144,0.010972342180466098,0.010337856039744915,0.013993802035134098
1677.5,0.009681376975370774,0.009738864840543156,0.009138223478593636,0.013980771831649447
1678.75,0.008632654712153891,0.008637950332586231,0.00811430745623015,0.013967747053495561
1680.0,0.00781187442859752,0.007848159866410642,0.0073601963143343704,0.013954726764160317
1681.25,0.007442988957910249,0.007391236843335315,0.0070093264981383584,0.013941709951006678
1682.5,0.006989475208857918,0.0069257500280076895,0.0065739006181939515,0.013928695527067951
1683.75,0.006210151816196046,0.006191997563459712,0.005771976211808822,0.013915682332985839
1685.0,0.00558523649695292,0.005594819625117714,0.005077164663875844,0.013902669139099402
1686.25,0.005119145598601697,0.005152818367826444,0.004591749377738187,0.013889654647667364
1687.5,0.004735869886576413,0.004735647064148973,0.004263031633424094,0.013876637495218802
1688.75,0.004373735055294674,0.004405178770731214,0.003954053191530618,0.013863616255030466
1690.0,0.004280045390298038,0.004241576835511157,0.0038312047481487924,0.013850589439716685
1691.25,0.004099455548879731,0.0041461863101329745,0.003653727761008023,0.013837555503918623
1692.5,0.0039947555362279145,0.003953109283952913,0.0035215773714791405,0.013824512847101079
1693.75,0.0038222201369653764,0.003702958456211312,0.0032898445479441017,0.013811459816431535
1695.0,0.0034224304423125474,0.0034287452263364673,0.00285623309441395,0.013798394709734665
1696.25,0.002964121915727955,0.00300752840878977,0.0024104616685284514,0.013785315778527658
1697.5,0.0026052229454168107,0.0025666640977475537,0.0020407037712029136,0.01377222123110074
1698.75,0.0020329245646594266,0.0020484386521943385,0.0015113960479902222,0.013759109235663529
1700.0,0.0014981001884781613,0.0015918442280179132,0.0010590931733012495,0.01374597792352349
1701.25,0.0011605040676397056,0.0012262993417455222,0.0007818317695609957,0.01373282539229671
1702.5,0.001041385254221795,0.0010174369233190955,0.0007302754620125807,0.0137196497091531
1703.75,0.0010217090611510187,0.0010231230172884744,0.0007118066818490364,0.013706448914056459
1705.0,0.0011782664374789002,0.0011874581754370036,0.0007738778590559194,0.013693221023031358
1706.25,0.0013811178585044072,0.0013996215497680037,0.0008333468815799777,0.013679964031409728
1707.5,0.0014573587498734263,0.0014571597866449167,0.0008792459799468919,0.013666675917076085
1708.75,0.0012869606122796235,0.001272513912025016,0.0008143839116022095,0.01365335464368794
1710.0,0.0011169983875080722,0.0011081199080828327,0.00072896327275734,0.013639998163874059
1711.25,0.0010659736727620624,0.0010053938171544884,0.0007264118214492033,0.013626604422392696
1712.5,0.0010953964055998692,0.0010952537572386707,0.0007482326714895994,0.01361317135925442
1713.75,0.001254074983869356,0.001207781128616465,0.0008781266136211908,0.013599696912792766
1715.0,0.0012157257145973953,0.0011791763823506543,0.0008096437740595029,0.01358617902268106
1716.25,0.0012025511192170356,0.001208077610709856,0.0007473978483747113,0.01357261563289408
1717.5,0.0012335858317807829,0.0012895372410144372,0.0007616922836384037,0.013559004694599855
1718.75,0.0013517560039352004,0.001385482843559509,0.0009548117507906553,0.01354534416898379
1720.0,0.0018030770988110634,0.0018081589072813887,0.001434325609236722,0.013531632030000061
1721.25,0.0024288832884619923,0.0024467663670884186,0.0020282482215165615,0.013517866267042242
1722.5,0.0030670604844611235,0.0030829271083180824,0.0026789832394613993,0.013504044887534768
1723.75,0.003678101973339698,0.0036680465017592326,0.0033221566173573594,0.013490165919438577
1725.0,0.00428017758774903,0.004210645111195676,0.003915734989646227,0.013476227413668832
1726.25,0.004715745219392687,0.004753057817876951,0.0043690256991716905,0.013462227446424316
1727.5,0.005324520641684354,0.005317003947461909,0.005057748679791457,0.01344816412142542
1728.75,0.006128472533764846,0.006071846913612019,0.005911195881628634,0.013434035572056203
1730.0,0.007072678378775673,0.007039555069274103,0.006810791557041398,0.013419839963419179
1731.25,0.007965650063703636,0.008034716908202974,0.007723034705588662,0.01340557549428494
1732.5,0.009084196744085076,0.00912446944956263,0.00892017764330694,0.013391240398953588
1733.75,0.010481239893721437,0.010450686359675814,0.010388722669004306,0.013376832949022012
1735.0,0.011717371313714559,0.011758086635147985,0.0116688252867829,0.013362351455047381
1736.25,0.012884020373897213,0.01294092314564178,0.012922394766954856,0.013347794268123577
1737.5,0.014114658643854446,0.014136800171258703,0.014299742173307194,0.01333315978136086
1738.75,0.015388940661515785,0.015285504895148492,0.015636767657672627,0.013318446431269082
1740.0,0.01621798019378855,0.016204997732408147,0.01644465561041589,0.01330365269905071
1741.25,0.01694286861033336,0.016898783536633474,0.017096412974143223,0.013288777111804827
1742.5,0.01738441942932875,0.01734315012905354,0.017421189611013674,0.013273818243637684
1743.75,0.01754391046352312,0.017565056196583103,0.017484596957106,0.013258774716686862
1745.0,0.017444485764261202,0.01755218017011802,0.017334929075153993,0.01324364520206106
1746.25,0.01731915785683695,0.017359574815013937,0.017248543183480014,0.013228428420690561
1747.5,0.01710697759852914,0.017097667256866927,0.01706811006363906,0.013213123144101776
1748.75,0.016809188219349895,0.01681163762332882,0.01670761012597267,0.013197728195106182
1750.0,0.016297218822752778,0.01623841373320573,0.01605836756672234,0.013182242448414209
1751.25,0.0153563197832681,0.015341307355563138,0.01499667664431555,0.013166664831172839
1752.5,0.014148425808324889,0.01414351950120277,0.01372533778429757,0.01315099432342934
1753.75,0.012676479522751959,0.012642008739725073,0.01217259904740081,0.013135229958523845
1755.0,0.011223572769705911,0.011237268420625801,0.010608686644107851,0.013119370823412878
1756.25,0.010076669812138653,0.010088461033349462,0.009364953665571711,0.013103416058929574
1757.5,0.009240553622611334,0.009211413708489066,0.008460382436960552,0.013087364859970788
1758.75,0.008474162684961544,0.008424736336983056,0.007622453108874984,0.013071216475637823
1760.0,0.007540072731385762,0.007593057061260976,0.006644703041546011,0.013054970209301549
1761.25,0.006879164498019451,0.006920474095063321,0.005953636586531248,0.013038625418622643
1762.5,0.006502874266437817,0.006442510607182639,0.005522646875643915,0.013022181515508735
1763.75,0.005829426604372035,0.005905950803825596,0.004871186866942445,0.013005637966027389
1765.0,0.005396203552451138,0.0055346128206237655,0.004488298336337215,0.012988994290260876
1766.25,0.005601386639396519,0.005630895304693686,0.004636041597927932,0.012972250062118102
1767.5,0.006074599968451163,0.005958027776168171,0.004967864714006053,0.012955404909099274
1768.75,0.006064069105088663,0.006064603146659502,0.0048797985120540245,0.012938458512016957
1770.0,0.006037215378716855,0.006096700398766735,0.004830032231846968,0.012921410604673942
1771.25,0.006391420340736317,0.006347677249170765,0.00510901698861078,0.01290426097350496
1772.5,0.006807543369093323,0.006754573474174688,0.005425089956122732,0.012887009457176671
1773.75,0.006954299926326563,0.006906559555556478,0.005542501345877233,0.01286965594615463
1775.0,0.006869312925753952,0.0068535896317163895,0.0054871431163562735,0.012852200382233107
1776.25,0.006880117658315144,0.006851056771146271,0.005497342026941925,0.012834642758035263
1777.5,0.007012846934073003,0.007013883967075935,0.005601030521358263,0.012816983116483903
1778.75,0.007387323259059462,0.00742199491464071,0.005860935132450847,0.012799221550234389
1780.0,0.007841307367508949,0.007773754096208259,0.006270894902840155,0.012781358201093712
1781.25,0.00796736457589519,0.00786894859520402,0.006385426081931532,0.012763393259401337
1782.5,0.007656343278929162,0.007735478877559026,0.0060850780358752896,0.012745326963390742
1783.75,0.007541839459994996,0.007702158527044425,0.005942577822499891,0.012727159598527344
1785.0,0.008055826415198109,0.008094869235789769,0.006418114597212033,0.012708891496824483
1786.25,0.008899564662071303,0.00887281780940861,0.0071469763908978984,0.012690523036136029
1787.5,0.009604026630522438,0.009572864099479985,0.007748474639497406,0.012672054639433116
1788.75,0.009840785626378508,0.009790113482911804,0.008075337614563563,0.012653486774060413
1790.0,0.009677542817660745,0.009605282198603654,0.008001742564483206,0.01263481995097347
1791.25,0.009401431580851195,0.009422121553638505,0.0076873195231160815,0.01261605472396416
1792.5,0.009608978034599076,0.00971346897468012,0.007794311506149063,0.012597191688864973
1793.75,0.010136444064846716,0.010123664944588958,0.008305466880941111,0.012578231482745358
1795.0,0.010578652477916492,0.010535380643759387,0.008704854395494862,0.012559174783086904
1796.25,0.01072279900404832,0.01067509157853657,0.008774080409013703,0.012540022306953868
1797.5,0.010534320045696472,0.010511101907113901,0.008575496106546602,0.012520774810146443
1798.75,0.010080120791790615,0.010208127631042797,0.008184042959565969,0.012501433086343145
1800.0,0.010065486956726002,0.010053903551802083,0.00815378803870245,0.01248199796623705
1801.25,0.010188407612285691,0.01017110882989812,0.008242276867933438,0.012462470316658246
1802.5,0.01043911261760112,0.010480181695703897,0.008481139041771541,0.012442851039686814
1803.75,0.01079215729765968,0.010831475062377027,0.00882091472828875,0.012423141071763155
1805.0,0.011286483094535832,0.011212144960738748,0.009268385961303137,0.012403341382785425
1806.25,0.0112023252918172,0.01130204762006159,0.009248976573829157,0.012383452975199204
1807.5,0.011353804011524212,0.011425651091205845,0.009359204702218642,0.012363476883087584
1808.75,0.011906230935624356,0.011831107638888474,0.0098341905151039,0.012343414171247012
1810.0,0.012329178420735137,0.0122303055129133,0.010165464314249828,0.012323265934261864
1811.25,0.012541014223725992,0.012582850586450497,0.010326816143992596,0.012303033295577595
1812.5,0.012893041954536933,0.012878445012928296,0.01058444548461955,0.012282717406561942
1813.75,0.013081698885792413,0.013045341227598695,0.01079454815349854,0.012262319445565871
1815.0,0.013066740959368271,0.013060416667459747,0.01082616625853763,0.012241840616988598
1816.25,0.013068481655606513,0.013090678097944355,0.010866940776566164,0.012221282150322211
1817.5,0.013209854517706298,0.013140800725569014,0.011012905592988967,0.012200645299215399
1818.75,0.013169857786450554,0.013140432445600675,0.010938347087071896,0.012179931340516294
1820.0,0.013124056277012386,0.0132223527890393,0.01084692051122761,0.012159141573326085
1821.25,0.013379276968924306,0.01346992080552252,0.011111061252410445,0.012138277318048738
1822.5,0.013863429344777405,0.013799983813890826,0.011592816070163714,0.012117339915435598
1823.75,0.01415095539058494,0.0141566029560196,0.01182879727094461,0.012096330725637037
1825.0,0.014605937373513265,0.014653389576114815,0.01220822769474247,0.012075251127249314
1826.25,0.01521563822773407,0.015197577084086812,0.012768924607517343,0.012054102516365075
1827.5,0.01563899138639106,0.015617279878131931,0.013146169756875211,0.012032886305623384
1828.75,0.01580492681408556,0.015778637924831737,0.013241076566702675,0.01201160392326233
1830.0,0.01592568166320838,0.015873147075837965,0.013307130623662242,0.011990256812174931
1831.25,0.01605226920211473,0.016062638340364976,0.013446647114869814,0.011968846428967006
1832.5,0.016328579575060616,0.01633204820275945,0.013738164349323907,0.01194737424301649
1833.75,0.01665187184100113,0.016592015509210422,0.0140179796574419,0.011925841735538947
1835.0,0.016626094249267965,0.01665995340211951,0.013962679725980495,0.011904250398657524
1836.25,0.016572296680770593,0.01662007741889485,0.013932427687050733,0.011882601734474488
1837.5,0.016831162267701944,0.016906645248539055,0.014173704762290384,0.011860897254151742
1838.75,0.01747582283369251,0.017461891440057418,0.014683181331443662,0.011839138476993513
1840.0,0.01810556786629082,0.018061137210225123,0.01525563323008878,0.011817326929539953
1841.25,0.018562137838709563,0.018514558632314958,0.015702199260380943,0.011795464144661358
1842.5,0.018915742293816082,0.018970690804664948,0.015997327569187852,0.011773551660665064
1843.75,0.01947114636712285,0.01946778364945828,0.016445144747677276,0.011751591020407657
1845.0,0.01987218969907027,0.019825485063501996,0.016865351150203194,0.011729583770417227
1846.25,0.020215062203613007,0.020112468382085153,0.017180644705026227,0.011707531460021892
1847.5,0.020217275080467854,0.020224312724434368,0.017133271369117273,0.011685435640491624
1848.75,0.02031626396080431,0.020317433159291784,0.017225387340482484,0.011663297864186541
1850.0,0.02042130721543106,0.020374469469790494,0.01735052185951877,0.01164111968371818
1851.25,0.020493625136561316,0.020441088484384043,0.01735960729190723,0.011618902651125843
1852.5,0.02032201183030815,0.02037820355704967,0.01714986752193562,0.011596648317054323
1853.75,0.02029387227411189,0.020421344090223215,0.01716256259471938,0.011574358229956285
1855.0,0.020766058376830973,0.02071108919006938,0.017604822644876467,0.01155203393530088
1856.25,0.021132119265805733,0.02114591201424269,0.017908719969933304,0.01152967697479819
1857.5,0.021411502603686274,0.021441081871043446,0.01816126719576542,0.011507288885639644
1858.75,0.02159016325403666,0.021625820564651958,0.018369427732062918,0.011484871199750682
1860.0,0.021746846179665966,0.02175873688559252,0.01851276040078927,0.011462425443062354
1861.25,0.021869568690336495,0.021928538394838663,0.018586252925208276,0.011439953134797532
1862.5,0.022270348820344645,0.02231254362568522,0.018948353388407186,0.011417455786775766
1863.75,0.02293904279279432,0.022920713686928062,0.019553260841671093,0.011394934902735606
1865.0,0.02325526391719283,0.02321557771741678,0.01987399399498157,0.011372391977674593
1866.25,0.023315341183640273,0.023309415269105235,0.01993829740540651,0.011349828497210123
1867.5,0.023520625212688363,0.023544862958144612,0.02012124285627556,0.011327245936959067
1868.75,0.023910468982570446,0.023972889864557825,0.020464038271119128,0.011304645761938108
1870.0,0.024420191661663607,0.024379188182762777,0.02090724567689124,0.011282029425986412
1871.25,0.024589726673462185,0.024505720267820944,0.021046894020340264,0.01125939837120788
1872.5,0.024636729481726915,0.024615754770588038,0.02104908650960761,0.01123675402743892
1873.75,0.02493853197454459,0.02504948981503887,0.021309677326547826,0.011214097811736426
1875.0,0.02570624119240104,0.025693554900812415,0.021965867038727948,0.011191431127890998
1876.25,0.026298758620381193,0.026220997486122374,0.022501081229433482,0.01116875536596492
1877.5,0.026447626296760823,0.026416349056211073,0.02264774850987718,0.011146071901853424
1878.75,0.026466816787814675,0.026525274779246644,0.02265163197625652,0.011123382096872919
1880.0,0.0265326630117537,0.026580102604463356,0.022711447629773236,0.011100687297373148
1881.25,0.026687280919922524,0.026600255825895584,0.022876323927141916,0.011077988834378546
1882.5,0.026622168347004038,0.026612114825296764,0.022845007854973953,0.011055288023254003
1883.75,0.026505324011164313,0.02660757750270796,0.022742949475936313,0.011032586163399912
1885.0,0.026634483499249482,0.02662318241247755,0.02285961702651627,0.011009884537971583
1886.25,0.026667978540280406,0.026667889059371546,0.022834725027740425,0.01098718441363377
1887.5,0.026758349859616188,0.026836798249139388,0.0229008465281242,0.010964487040332099
1888.75,0.027274197847307443,0.027363053871099014,0.023352516574676716,0.010941793651108625
1890.0,0.028053145286402847,0.027966085072123142,0.02401658282090277,0.010919105461929977
1891.25,0.028303078836570687,0.02823936383884226,0.024242111859636824,0.010896423671558353
1892.5,0.028258233166141213,0.02833062758986994,0.024224015267334413,0.010873749461444393
1893.75,0.028523386262333215,0.028415700158054245,0.024473947594092084,0.010851083995651257
1895.0,0.028543060807115793,0.02850071584219017,0.024475936838507534,0.010828428420807213
1896.25,0.028339733529460058,0.02837800904525313,0.024340576315093447,0.010805783866093687
1897.5,0.028290735704776117,0.02828790584574704,0.024321746189183296,0.01078315144325329
1898.75,0.028452523669178297,0.028333539923621382,0.024450532685033444,0.010760532246637478
1900.0,0.028364784276831232,0.028318436855271318,0.024319158998654677,0.010737927353274598
1901.25,0.028044140995564296,0.028003801688694693,0.02402988935547495,0.01071533782297409
1902.5,0.027638868723530576,0.02751292274233282,0.023695581034526916,0.010692764698457228
1903.75,0.026998993997737013,0.026975388471618855,0.023098370546796247,0.010670209005515033
1905.0,0.026414846126813652,0.02647793516018963,0.02250041212265018,0.010647671753196041
1906.25,0.025981720234194698,0.026081175130217814,0.022146261359498945,0.010625153934024233
1907.5,0.025741441658567604,0.025784103735152764,0.022038065592135926,0.010602656524239376
1908.75,0.02558826071866405,0.02557764473956327,0.021956119634389974,0.010580180484069534
1910.0,0.025295302664709304,0.02524640881242448,0.021708788475409857,0.010557726758026527
1911.25,0.02479103217130015,0.024821686783970672,0.0212922710325355,0.010535296275229148
1912.5,0.024399100078836028,0.024408748783055337,0.02094284536879677,0.010512889949750755
1913.75,0.02404451159433463,0.02404514431027518,0.020640758275444208,0.01049050868098946
1915.0,0.023650776770543593,0.023608545148718185,0.020260379009716337,0.010468153354066576
1916.25,0.023021872003864713,0.0230084191743658,0.019672830785893883,0.010445824840242549
1917.5,0.02231969608340549,0.022363671881237508,0.0190421195660515,0.010423523997356783
1918.75,0.021764127978940336,0.021873910456581384,0.018608779689727083,0.010401251670289498
1920.0,0.021652762035175927,0.021677682448688153,0.01850640455682498,0.010379008691441628
1921.25,0.021375769228823838,0.021371731064977778,0.01836294624819795,0.010356795881232584
1922.5,0.021162152454047286,0.021193976852232153,0.018084209195705626,0.010334614048619592
1923.75,0.0218994785513791,0.021957150136370483,0.018041619063936653,0.010312463991628497
1925.0,0.022613351990281732,0.022635995087409228,0.018156491357330766,0.010290346497902393
1926.25,0.022047166971236876,0.02201969103575479,0.018025529421142432,0.010268262345266274
1927.5,0.020787204899053086,0.02077534929927121,0.01762179129745474,0.010246212302297265
1928.75,0.020151172833339465,0.020121468838466054,0.017285377609186435,0.01022419712891711
1930.0,0.019803679478673987,0.01982067278230875,0.01695466730954562,0.010202217576983934
1931.25,0.01948263344157642,0.019569659807626556,0.016634503922417613,0.010180274390898577
1932.5,0.019314158846330472,0.01932436193761783,0.016536392783326255,0.010158368308218289
1933.75,0.019160398033550425,0.01902623166453494,0.01644482559981913,0.010136500060275227
1935.0,0.018745561272424164,0.01863758634034678,0.01608236872036634,0.010114670372797889
1936.25,0.018139526499039767,0.018170733765597934,0.015489095851635675,0.010092879966537176
1937.5,0.017649926855881074,0.017702179798141114,0.015039997486267985,0.0100711295578955
1938.75,0.01723724748731819,0.017253002023460886,0.014692215473605323,0.010049419859554038
1940.0,0.016746432207491727,0.016841369883528932,0.014301398812743218,0.010027751581095557
1941.25,0.016494926460381053,0.01654858143304507,0.01410236108301466,0.010006125429633183
1942.5,0.016424795885111122,0.01641285267536061,0.01407339379045768,0.009984542110426715
1943.75,0.01633557649601469,0.01627151007196291,0.014031511850518591,0.009963002327494943
1945.0,0.016097237906041447,0.01604642885805635,0.01383283861050539,0.009941506784225165
1946.25,0.015802201747251533,0.01572782152895023,0.013557822218946977,0.009920056183966557
1947.5,0.015373645153237329,0.01536382241712416,0.013165247954142327,0.009898651230621771
1948.75,0.014976748107205395,0.014963477521788173,0.012791674672521715,0.009877292629221279
1950.0,0.014480765675056533,0.014418701835817144,0.012373886070444044,0.00985598108648521
1951.25,0.013913176369768385,0.013864108210202189,0.01188362139820446,0.009834717311374693
1952.5,0.013247103175635294,0.013268044357466145,0.011300638912311776,0.009813502015625126
1953.75,0.01263868712057391,0.012659841662026593,0.010779354865564895,0.009792335914262054
1955.0,0.012058119547195302,0.012111518625001186,0.01028446255546172,0.00977121972610041
1956.25,0.011663562935055993,0.011723148460511661,0.009908029499585474,0.009750154174224016
1957.5,0.011368591163807952,0.011456840212956046,0.009610878918477018,0.00972913998644608
1958.75,0.011088932034964354,0.011160084308428513,0.009424368127651532,0.009708177895744744
1960.0,0.01098148911283443,0.010987152733587163,0.009320974879849307,0.009687268640679179
1961.25,0.010974781073327998,0.010987855560789786,0.009249396580232853,0.00966641296578211
1962.5,0.010930401532565635,0.010960201695256293,0.009176967547653172,0.009645611621923402
1963.75,0.010747615426904953,0.010722103053565385,0.009082393212480402,0.009624865366655518
1965.0,0.010416506662172509,0.010385792628060418,0.008830227384807508,0.009604174964525189
1966.25,0.010053676090145555,0.010103215373304022,0.008510073752631306,0.00958354118736233
1967.5,0.0098683771109502,0.009880155643015904,0.008327369377169967,0.009562964814538503
1968.75,0.009682543844347843,0.009665374593639945,0.008153660159473204,0.009542446633199518
1970.0,0.009458564045617918,0.009463942751973684,0.007964089675170363,0.009521987438466203
1971.25,0.00931047327474183,0.009254998543035825,0.007838437861825902,0.009501588033605065
1972.5,0.009071576565812502,0.009024898141762107,0.007622898150333931,0.00948124923017133
1973.75,0.008759271190175463,0.008811325933731922,0.007378893182764716,0.009460971848118583
1975.0,0.008528706243482034,0.008578287746919279,0.007204381132156715,0.00944075671587768
1976.25,0.008341114346764846,0.00829283742190588,0.007061344125463649,0.009420604670405178
1977.5,0.008042863595169335,0.008026498833988335,0.00684235407270124,0.00940051655719937
1978.75,0.007874592293250259,0.007858349686399617,0.006719477443804327,0.009380493230283666
1980.0,0.00778591004607361,0.007770375570196506,0.006570176316000029,0.009360535552159283
1981.25,0.007618150282671502,0.007644639720728752,0.006346803781911607,0.009340644393725717
1982.5,0.007419606287360111,0.007417039723367859,0.006189576685083248,0.009320820634168222
1983.75,0.007260484853999134,0.007180296892456749,0.006126368435990261,0.009301065160815301
1985.0,0.007067067149566905,0.006993945915184131,0.0060107604530590325,0.009281378868959996
1986.25,0.006782414842873238,0.006705602060553773,0.005791062102899252,0.009261762661657996
1987.5,0.006414328790517326,0.006363625508800105,0.005471407857820977,0.009242217449487021
1988.75,0.00607998995966742,0.006053774025294045,0.005132240557031305,0.009222744150277821
1990.0,0.005771974165004253,0.005740755965790437,0.004830232272355371,0.009203343688817006
1991.25,0.005390483264997622,0.005356528584879291,0.004502191106487421,0.009184016996517887
1992.5,0.004885228397447316,0.00488974968112295,0.004093266315640218,0.009164765011061868
1993.75,0.004460660205086496,0.004510503108744714,0.00367898980034831,0.00914558867601553
1995.0,0.004086791255129049,0.0041572576253241685,0.0033158238099619338,0.009126488940414327
1996.25,0.0037744991364610354,0.0038160097204107068,0.0030451023941581164,0.009107466758322661
1997.5,0.0035045391851499237,0.003494697987209433,0.0028308125249765026,0.009088523088369152
1998.75,0.003136146554358789,0.0031587943499380333,0.0025278242659381306,0.009069658893251906
2000.0,0.0027246834060228346,0.002794704918565006,0.0021833409079216395,0.009050875139225001
2001.25,0.0024613775008738652,0.002515039215049498,0.001956855516413474,0.009032172795559549
2002.5,0.0023458758138181915,0.0023768394618583983,0.0018510706976679052,0.00901355283398112
2003.75,0.002157903720997154,0.002181598851702168,0.0017425439940267674,0.00899501622809003
2005.0,0.0019796859657669496,0.0020153867456143243,0.0016510125644836153,0.008976563952757336
2006.25,0.0019984973719238642,0.002007718499484132,0.0016668364451010132,0.00895819698350651
2007.5,0.0021313689021890277,0.002090199127810851,0.0017539815696002968,0.008939916295873833
2008.75,0.002162049230125939,0.002144956059746247,0.0017342388667787585,0.008921722864757146
2010.0,0.0020920294015647645,0.0020855815122494442,0.0016503665304069448,0.008903617663746461
2011.25,0.0019623000943147996,0.001951526853509027,0.0015550067732978852,0.008885601664442229
2012.5,0.001870580227353691,0.0018135558830217299,0.0015144695364501539,0.008867675835761544
2013.75,0.0017794489331216879,0.0016971451902314295,0.0014308713352473123,0.008849841143235119
2015.0,0.0015167033947907935,0.0014900628416121492,0.001228870579643719,0.008832098548293803
2016.25,0.0012258285052790282,0.0012023916177869391,0.001009261478299836,0.008814449007546066
2017.5,0.0008919367896662917,0.0008948597458993189,0.0007223554831693993,0.008796893472052236
2018.75,0.0006132927551696129,0.0006205723991038702,0.0004875123364472662,0.00877943288659396
2020.0,0.00033650748423643887,0.000392652057832276,0.00027201390554726953,0.008762068188935938
2021.25,0.00016546372415362606,0.00022078825135224208,0.00013479421768398172,0.00874480030909026
2022.5,9.555093928173292e-05,0.00012865337503325996,6.66635558720164e-05,0.0087276301685791
2023.75,5.2936305498313715e-05,9.741045840074159e-05,2.9331709191889185e-05,0.008710558679696402
2025.0,6.105775388513782e-05,8.58759661789254e-05,2.901104440059737e-05,0.008693586744776898
2026.25,7.814432148066319e-05,6.141178028080599e-05,2.6271599590241748e-05,0.00867671525546008
2027.5,0.00010389692397027946,9.738894020411574e-05,3.543893401603497e-05,0.008659945091971695
2028.75,9.662576632752675e-05,7.580484993332902e-05,3.280487141110003e-05,0.008643277122397834
2030.0,0.00010308291067971927,6.668254112346713e-05,2.978871091193502e-05,0.008626712201980432
2031.25,8.183484732514833e-05,6.354621958626805e-05,2.0396778295100876e-05,0.008610251172409189
2032.5,8.951680298998341e-05,6.476645147951267e-05,2.3567176756714957e-05,0.008593894861136186
2033.75,0.00011740472865001689,8.038562494257392e-05,3.1274358922561525e-05,0.00857764408068853
2035.0,0.00013395514222749449,0.00011070087095094508,3.378934687697454e-05,0.00856149962800951
2036.25,0.0001248087970804826,0.00011500462012146786,3.305931099721468e-05,0.008545462283795602
2037.5,7.263670986936725e-05,6.646945055047027e-05,2.160533635587694e-05,0.00852953281186548
2038.75,5.6579004639124955e-05,3.4928142057751794e-05,1.9208820196707406e-05,0.008513711958531808
2040.0,8.697577196084829e-05,8.196246318939256e-05,2.621716261817329e-05,0.00849800045199648
2041.25,0.0001387943374628927,0.0001391958093924047,3.7784482683249784e-05,0.008482399001763818
2042.5,0.00011378792793981522,0.0001239450249281976,3.1226165356283064e-05,0.008466908298066324
2043.75,4.841333515456005e-05,5.8843536338141765e-05,1.6436539596947927e-05,0.008451529011317103
2045.0,5.8146735791713096e-05,5.250345653511601e-05,1.9741071798143643e-05,0.00843626179157671
2046.25,4.7195213318918605e-05,6.891770117747847e-05,1.6022981891792767e-05,0.008421107268042495
2047.5,9.123653555554126e-05,8.734451158270358e-05,2.8804588771597747e-05,0.008406066048560087
2048.75,9.684671769116638e-05,0.00010465984451782929,3.1348936605203054e-05,0.008391138719153942
2050.0,0.00013497275267919568,0.0001257712796456851,4.3665324959708146e-05,0.008376325843581665
2051.25,0.00013311086244176953,0.00014334125812957087,3.4488669817026076e-05,0.00836162796291085
2052.5,0.00013128576978085532,0.00011770908679269753,3.411459876183485e-05,0.008347045595118235
2053.75,9.236648302233994e-05,9.371719845007884e-05,2.8053167730042753e-05,0.008332579234710945
2055.0,0.000125847127403962,0.000120829664822036,5.5860883222291016e-05,0.00831822935237143
2056.25,0.0001716092128218562,0.00016824094303484016,7.363291944054946e-05,0.008303996394626008
2057.5,0.00015751124059050026,0.0001850780865662497,6.001207827245013e-05,0.008289880783538626
2058.75,0.00010702107913789179,0.00014668753983788888,4.9774592418562524e-05,0.008275882916423699
2060.0,9.012588503194664e-05,0.00013329331104684343,6.731193951846333e-05,0.008262003165584831
2061.25,0.0001430087569259374,0.00021526487440054977,7.040566652619922e-05,0.008248241878076884
2062.5,0.000211316655523649,0.00031867600437238266,0.00012474550160354199,0.008234599375492781
2063.75,0.00035843109861338085,0.0003971217502951945,0.0002875917512149245,0.008221075953767597
2065.0,0.000638351266342332,0.0006267833839824463,0.0005468430054690561,0.008207671883012333
2066.25,0.0010548345202548483,0.0010375531951744461,0.0008650903439878049,0.008194387407365899
2067.5,0.001414384967247673,0.0013628798708764946,0.001117798162377575,0.00818122274487138
2068.75,0.001490636601783703,0.0014940096322229972,0.0011596162153190048,0.008168178087371688
2070.0,0.0014356022338421622,0.0014192507118037138,0.0011677316855209143,0.008155253600429117
2071.25,0.0015125443653612692,0.0014865811056978824,0.0012923478893919608,0.008142449423266323
2072.5,0.0016727882258984364,0.0016560325713269486,0.0014252240853548008,0.00812976566872551
2073.75,0.0017934781831231484,0.001781612934799307,0.0014948394406257893,0.008117202423250487
2075.0,0.001873527444107277,0.0019110413002797178,0.0016137640648757495,0.00810475974688626
2076.25,0.0021132537187875202,0.002087147168621889,0.0018443898694208722,0.00809243767330355
2077.5,0.002347917639252133,0.0023176777346323213,0.0020134051584962,0.00808023620983201
2078.75,0.002537014132260581,0.0025336536848224985,0.002121079491219919,0.008068155337523726
2080.0,0.002791492414394823,0.002805583085340807,0.0023021242741806986,0.008056195011226376
2081.25,0.003128365837986715,0.003107851536667873,0.002562321218556209,0.008044355159677065
2082.5,0.0033617349026145585,0.0033450634601851197,0.002750968616031503,0.008032635685613583
2083.75,0.003405770851058814,0.0033982672080215106,0.0028399387865172404,0.008021036465902666
2085.0,0.0034988542911453552,0.003464018736165998,0.002949541713556891,0.008009557351681375
2086.25,0.003545976308271574,0.0035280957223966015,0.0030163802833097575,0.007998198168516907
2087.5,0.0035309135540981078,0.003520532429423339,0.002991794807030586,0.007986958716580596
2088.75,0.003476835033028648,0.003489772997763638,0.002955020203175113,0.007975838770838255
2090.0,0.0036039464765109824,0.0036218810358236986,0.0030681905625652927,0.00796483808124962
2091.25,0.003911275561794999,0.0038718676827292327,0.0033452109947284467,0.007953956372991117
2092.5,0.004111862797520987,0.0040845457826037546,0.0034380301842230248,0.007943193346679504
2093.75,0.004141493008483929,0.004153209418380246,0.0033497345354627857,0.00793254867861935
2095.0,0.00406514637718098,0.004148381154308313,0.00325770905930117,0.007922022021057564
2096.25,0.004296185954172769,0.00427496183959307,0.0034912456077061844,0.007911613002449865
2097.5,0.0046626276221956005,0.004580959731463122,0.0038026097330267844,0.007901321227742543
2098.75,0.004768000586114373,0.004750535453565355,0.003922188147115062,0.007891146278660218
2100.0,0.0045969744591608476,0.004584815188943061,0.0038515299483148874,0.00788108771401091
2101.25,0.00447566793670025,0.004547255169895264,0.003781983256694136,0.00787114506999517
2102.5,0.004629799611820398,0.004691810877580374,0.003936165051850114,0.007861317860530926
2103.75,0.004872370650364504,0.004812836459808282,0.004155885347589588,0.007851605577582911
2105.0,0.00493822952002192,0.00484840446517963,0.004227342606725666,0.007842007691509023
2106.25,0.004928530571341008,0.00493869324394387,0.004194861944731717,0.007832523651407112
2107.5,0.005050379751366003,0.005112559262384023,0.00429828613565102,0.007823152885477556
2108.75,0.005280799708678052,0.005239797441466422,0.004539132612174391,0.007813894801393205
2110.0,0.0053145002547297145,0.005257049652441335,0.004567218634525967,0.0078047487866726006
2111.25,0.005209034947800323,0.005259428309456279,0.004430451069191586,0.007795714209070055
2112.5,0.005319921218707157,0.005375794402492361,0.004483118017659926,0.007786790416967381
2113.75,0.005463179547670217,0.005450909107504949,0.004661703190605614,0.007777976739773439
2115.0,0.005524805243270119,0.0055526882805968375,0.004759009315406233,0.00776927248833411
2116.25,0.005610567533570001,0.005664706836020694,0.004895560880891898,0.007760676955348407
2117.5,0.005887831927967214,0.0059047153715436115,0.005123899144655914,0.007752189415788911
2118.75,0.006193528708089265,0.006195410008668637,0.005313128212848674,0.0077438091273343
2120.0,0.006412603228685484,0.006385475955445268,0.005459355473439698,0.0077355353308014565
2121.25,0.006509878066862365,0.006451903198110286,0.005598888867946712,0.007727367250591899
2122.5,0.006405516994762123,0.0064132586400038275,0.005588051927487119,0.007719304095136734
2123.75,0.0063576941985398405,0.006358786797676403,0.005613650129518655,0.0077113450573527975
2125.0,0.006555783309953413,0.006524104395905141,0.005802333081579831,0.007703489315103395
2126.25,0.006723431733856715,0.006714436525203173,0.005887637818795004,0.007695736031662589
2127.5,0.0067235814216822405,0.006742776226447416,0.005846683226469055,0.007688084356188512
2128.75,0.0066117038639200145,0.006701391433136119,0.005744820025068783,0.007680533424199278
2130.0,0.006726226850767181,0.006740449100179365,0.005840837693182224,0.007673082358054961
2131.25,0.0069272463656694745,0.006934926114984454,0.0059764324501160844,0.007665730267445225
2132.5,0.007137272324693533,0.007170573102912874,0.006144944766138698,0.0076584762498805
2133.75,0.007299495355784469,0.007338817410102397,0.006317944356136619,0.007651319391189342
2135.0,0.0075724004960921,0.007535583927310795,0.006580416850195706,0.007644258766021018
2136.25,0.007860708944908196,0.007818665990692237,0.006843022664620517,0.007637293438350583
2137.5,0.007966011541646681,0.007994004050803387,0.006961990680509154,0.007630422461988013
2138.75,0.00815130792025865,0.008127544179082952,0.007155551683638196,0.007623644881095968
2140.0,0.008217440554248555,0.008165508224108803,0.007218733865518314,0.007616959730707303
2141.25,0.008159079656100186,0.00818975604497399,0.0071355413723872396,0.007610366037248365
2142.5,0.008135426161422451,0.008252072673203973,0.007133396680809052,0.00760386281906623
2143.75,0.008528656164240424,0.008475966795245034,0.007441639104879496,0.00759744908695991
2145.0,0.008712303585566017,0.008664983647776852,0.007579927544918877,0.007591123844715644
2146.25,0.008726860386287498,0.008725538011213691,0.007603272913939678,0.0075848860896443925
2147.5,0.008628650559121676,0.008692628141494258,0.007591267789348817,0.007578734813125328
2148.75,0.008744362979438394,0.00878759579809835,0.007673724535860225,0.007572669001150905
2150.0,0.008883578659470155,0.008883319372209845,0.007776983736421265,0.007566687634874441
2151.25,0.008999071401516616,0.008959275600090931,0.007906093767718447,0.007560789691165404
2152.5,0.009005676817074272,0.009085426216263922,0.007908182934233314,0.007554974143160274
2153.75,0.009198715650956998,0.009188352102755643,0.008102632890760658,0.007549239960825227
2155.0,0.009450239552018772,0.009382991991423256,0.008363699290485855,0.007543586111513884
2156.25,0.009625200240886082,0.009627663809064468,0.008482401265361707,0.007538011560531999
2157.5,0.009860700356257364,0.009899776200273824,0.008580610003396182,0.007532515271703883
2158.75,0.010121643918163344,0.01007573029966704,0.008759618436039002,0.007527096207940576
2160.0,0.01010953025032869,0.010092134100663367,0.008765570488032016,0.007521753331809089
2161.25,0.010174660377530594,0.010191053260532292,0.0087933595511416,0.007516485606107477
2162.5,0.010325472586081443,0.010381595593700417,0.008943032398593507,0.007511291994436966
2163.75,0.010496937163010213,0.010446961837345378,0.009174329724891057,0.007506171461777231
2165.0,0.010475453388526769,0.010463808296923092,0.00921666519008041,0.0075011229750653425
2166.25,0.010519276149019811,0.010576467058881923,0.009241110719615355,0.007496145503772148
2167.5,0.0107508808785015,0.01080505444018412,0.009463538342103131,0.007491238020480686
2168.75,0.011169039687407905,0.011022561743629415,0.009864817349384984,0.0074863995014641796
2170.0,0.011276564997519167,0.011184321039263357,0.009936981417908258,0.007481628927268885
2171.25,0.011258565639183657,0.011287225090426505,0.009879358087129298,0.007476925283287618
2172.5,0.011371111794675138,0.011367527704908717,0.010007885786735365,0.007472287560342013
2173.75,0.011402064970558654,0.011341792685143764,0.010091855120028886,0.0074677147552574975
2175.0,0.011268983326545157,0.011247570173826453,0.009984695855433393,0.007463205871439119
2176.25,0.011207177459663598,0.011284744852650453,0.009884690938239144,0.007458759919446993
2177.5,0.011287177727641965,0.011325681143204931,0.009897230031438553,0.007454375917566062
2178.75,0.011353395598290482,0.011365660388506395,0.009940287085700081,0.007450052892377095
2180.0,0.011387933277317658,0.01135245179025013,0.009989291580938775,0.007445789879320037
2181.25,0.011372073211346846,0.01132375703449008,0.010028075143025488,0.007441585923260265
2182.5,0.011307334153834605,0.011280753107599238,0.009985113138693215,0.007437440079041393
2183.75,0.011284635851993002,0.011276946562817351,0.009975435932093518,0.007433351412044072
2185.0,0.011373246409793423,0.011350523419126023,0.010007410841176996,0.007429318998732644
2186.25,0.011494024916756976,0.011417534650762949,0.01010804610295063,0.007425341927194228
2187.5,0.011419079428542962,0.011419129021780286,0.010035493209491765,0.007421419297680854
2188.75,0.011283450216327501,0.011376771578769969,0.009954686180674447,0.007417550223134212
2190.0,0.011450674222339252,0.011493235910975636,0.01010339537318423,0.007413733829710783
2191.25,0.011739578101520948,0.011695504742911271,0.010372375610000399,0.007409969257293345
2192.5,0.011802180280718631,0.011823247456607316,0.010429711022098517,0.007406255659998338
2193.75,0.011941932776942898,0.01193976928124501,0.010574442057908822,0.0074025922066694215
2195.0,0.012074174508624351,0.012050182905714598,0.01063022341919425,0.007398978081365983
2196.25,0.0121480938720493,0.012126805837845644,0.010646512818427444,0.007395412483838277
2197.5,0.012045096202012223,0.012129000423690249,0.010531082351115556,0.007391894629990326
2198.75,0.012044999081780914,0.012052637615057652,0.010576323108468892,0.007388423752333795
2200.0,0.012147171524624007,0.012094292801412134,0.010654258343380456,0.0073849991004302585
2201.25,0.01231180663497599,0.012213132552135823,0.010758072919192068,0.0073816199413154785
2202.5,0.012257135722438823,0.012281807960754298,0.010704993733558866,0.00737828555991385
2203.75,0.012098751114259702,0.012211045771880761,0.010585729042673943,0.007374995259441024
2205.0,0.01213765205804738,0.012166774694701614,0.010630117755180865,0.0073717483617869355
2206.25,0.012281634556084867,0.012212677003299621,0.010783247061840806,0.007368544207884894
2207.5,0.012342801576456806,0.01224291977305561,0.01085740529990107,0.007365382158067931
2208.75,0.012223138425458984,0.012150788348326011,0.010767853879592008,0.007362261592403421
2210.0,0.011950589076385852,0.011952467038537461,0.010467386000404947,0.007359181911017688
2211.25,0.011676866445123568,0.011704026212530205,0.010226181444497355,0.007356142534394907
2212.5,0.011536701748345394,0.011566452805329986,0.010119119620593095,0.007353142903667749
2213.75,0.011574645025590476,0.011576018547362716,0.010134806313528635,0.007350182480879843
2215.0,0.011497720815419794,0.011581375669562374,0.010068264649690588,0.007347260749238785
2216.25,0.011411465570519122,0.011443289974449286,0.010042699800932142,0.007344377213340648
2217.5,0.011338671690483871,0.011347747465828768,0.009965552520138015,0.0073415313993862395
2218.75,0.011340501846282873,0.011345007718800766,0.009875694000157604,0.007338722855366241
2220.0,0.01117721663039759,0.011245589951707248,0.009724499847251841,0.007335951151233402
2221.25,0.011060548334811472,0.011120154317941057,0.009661542275790415,0.007333215879054616
2222.5,0.011087416368006411,0.011044374601993052,0.009719215901041228,0.007330516653135693
2223.75,0.010981738158127476,0.011012156123726044,0.00959157372777325,0.00732785311013527
2225.0,0.010936012508267607,0.011004712447328325,0.009536404536972002,0.007325224909149048
2226.25,0.01108253711849883,0.01104640481912338,0.009660706700217927,0.007322631731778633
2227.5,0.01113641863588499,0.01102986566587733,0.009749599661607716,0.007320073282175237
2228.75,0.010900572815666965,0.010943549072040917,0.009590630185869607,0.007317549287067273
2230.0,0.010928198043966098,0.011009470743787846,0.009606449647009,0.007315059495763085
2231.25,0.011249310657377092,0.011215037863973135,0.009836568277083572,0.00731260368013288
2232.5,0.011306017914832019,0.011240518206447803,0.009903770812948786,0.007310181634570023
2233.75,0.011065210140334503,0.011061308094898033,0.009724033399326258,0.007307793175934102
2235.0,0.010908092662173173,0.010926649533917279,0.009589608942382815,0.00730543814346874
2236.25,0.010861759478471891,0.010874145416287673,0.009544439511705149,0.007303116398705841
2237.5,0.01081196530797496,0.010848361157243962,0.009496652333460351,0.007300827825339601
2238.75,0.01084911999570529,0.010854117960735023,0.009474672014005864,0.007298572329090981
2240.0,0.01090605439875346,0.010889906341772915,0.00951840826310338,0.00729634983754681
2241.25,0.010906608889004287,0.010893526055670592,0.009503507105380855,0.007294160299980957
2242.5,0.01081682498007651,0.010885935461133847,0.009411030203888355,0.007292003687156451
2243.75,0.01086238131472603,0.010812963483537183,0.009456755442012962,0.007289879991112027
2245.0,0.010764688382740818,0.010699470335483702,0.009385634159314088,0.007287789224925547
2246.25,0.010507276639592226,0.01054012238888346,0.009115174361783544,0.007285731422466064
2247.5,0.01033231070727239,0.01043702200835523,0.008954431548796861,0.007283706638125192
2248.75,0.01051930614935767,0.010473627808081866,0.009146521917471218,0.007281714946533609
2250.0,0.010672322643746106,0.010572525949231406,0.00928739599265741,0.00727975644226248
2251.25,0.010520761900745867,0.01053041269551418,0.00915476130515254,0.007277831239509251
2252.5,0.01035682630959874,0.010391842906031346,0.008996756407109691,0.007275939471768465
2253.75,0.010300912798171191,0.010240158597196784,0.00893275222493551,0.007274081291494364
2255.0,0.01011339034174136,0.010056379258155241,0.008764165261969775,0.007272256869740464
2256.25,0.009758337169573198,0.009761091021824715,0.008533227252067331,0.0072704663957970355
2257.5,0.009455712907752016,0.009451397687804609,0.008320732639462446,0.007268710076813378
2258.75,0.009259246942458076,0.009260427576873375,0.008124660582401052,0.0072669881374086654
2260.0,0.00909838443400959,0.009092778036561291,0.007917457150400108,0.007265300819273957
2261.25,0.008785866980831728,0.008850076771421089,0.007639741316096142,0.007263648380766565
2262.5,0.008641399927109066,0.00866304328930369,0.007522668754774101,0.007262031096494239
2263.75,0.008595954378666532,0.008619551545496871,0.007435945345732081,0.00726044925689308
2265.0,0.008552999446870171,0.00849528128601911,0.007366352611826642,0.007258903167799136
2266.25,0.00825598526044243,0.008325581178596084,0.007107498706556629,0.007257393150016512
2267.5,0.008151643918785005,0.008219483992902572,0.00701273673584949,0.007255919538875489
2268.75,0.008163884518376406,0.008127616569750954,0.0070199817934352565,0.007254482683791031
2270.0,0.008030868984512426,0.00799709497177865,0.006955712698229883,0.007253082947817724
2271.25,0.007907605806971583,0.007897197326649905,0.006892038828709549,0.007251720707203425
2272.5,0.007804323671656712,0.007819483681643204,0.006781388781241938,0.00725039635093575
2273.75,0.007738021508009826,0.007743846784429404,0.006730835319014155,0.0072491102802968044
2275.0,0.007693700548155859,0.007718986020667468,0.006669572775392396,0.007247862908412396
2276.25,0.007807071424061832,0.007768537588473342,0.00675286153861916,0.007246654659802623
2277.5,0.007865600663912441,0.007774078919740614,0.006807400233021338,0.007245485969939767
2278.75,0.007751474839195509,0.0076948147181203005,0.006709616915703292,0.007244357284798779
2280.0,0.007513606791261134,0.0075763668179804145,0.006474430777684742,0.00724326906042318
2281.25,0.007475801396652341,0.007464598261211997,0.006408069361236633,0.007242221762487122
2282.5,0.007298343207235538,0.007265729988445887,0.006314123414484843,0.0072412158658649636
2283.75,0.007138983671820733,0.0071070835368453825,0.006187876228196195,0.007240251854206872
2285.0,0.00690090626964484,0.006979362080715589,0.005952677978006797,0.007239330219521815
2286.25,0.006838538122946941,0.006883154770022178,0.005900238723991709,0.007238451461766177
2287.5,0.006788697020429963,0.006870339167123179,0.005888514855892774,0.00723761608843951
2288.75,0.006980182071758531,0.006970654990042999,0.006042537757166493,0.007236824614195292
2290.0,0.00713741313438544,0.00707326106569322,0.006131605046231616,0.007236077560450482
2291.25,0.0070427403330252285,0.00703028725996626,0.006064977208125836,0.007235375455015667
2292.5,0.006870998485837514,0.006906399120049785,0.005968643093910328,0.007234718831727072
2293.75,0.0067293687490486385,0.0067992628164994864,0.005832742050538612,0.00723410823009561
2295.0,0.006735917991916252,0.006719906546366993,0.005803017788521532,0.007233544194968174
2296.25,0.006728789678935036,0.00668748738320524,0.005805654471201919,0.0072330272761925805
2297.5,0.006732654374008311,0.006709106212671835,0.005842455329013277,0.007232558028308523
2298.75,0.006790467235809678,0.006799173614572683,0.005888170476683775,0.0072321370102400775
2300.0,0.006951182439927107,0.006894246133583181,0.006024377715069416,0.007231764785011744
2301.25,0.006843275840927421,0.006714760490785601,0.00593438559816742,0.007231441919469809
2302.5,0.006297668116960844,0.006352862960113983,0.005467175179352371,0.00723116898402902
2303.75,0.005953029257787273,0.006066876851134516,0.005200864251064387,0.00723094655242242
2305.0,0.0060377627436634185,0.006007633996584119,0.00528466493313939,0.00723077520147965
2306.25,0.0060893426114734224,0.006011153710215919,0.005309643154101501,0.007230655510913434
2307.5,0.0058277154317219505,0.005921546816156784,0.005063508877011947,0.007230588063123412
2308.75,0.0058149648480994715,0.0059185000108329545,0.005050085067327803,0.00723057344302259
2310.0,0.006069574697591404,0.006070764680835297,0.005293698383477066,0.00723061223787419
2311.25,0.006301871005229461,0.006268668136043249,0.00550086816018311,0.007230705037151764
2312.5,0.006292582525942717,0.00623011271458771,0.0054799181390345906,0.007230852432414507
2313.75,0.006095913750883809,0.006066567374615639,0.005271181223706996,0.0072310550172035816
2315.0,0.00574759334967914,0.005782632020487415,0.004974778241851713,0.007231313386956976
2316.25,0.0055027241563623385,0.005512145386462688,0.004794209922079415,0.007231628138939039
2317.5,0.005384788201429058,0.005369300787420995,0.004678652373852493,0.007231999872200624
2318.75,0.005382674837581728,0.005340993221597743,0.00466619993812331,0.007232429187546429
2320.0,0.005406429515230566,0.0053651648705958345,0.004659434824115314,0.0072329166875292035
2321.25,0.005469428590181536,0.005505610629853342,0.004764848273575636,0.007233462976466872
2322.5,0.005889400039029866,0.005903886602339983,0.005181827702822542,0.007234068660475146
2323.75,0.006688935410438341,0.0067046247027301616,0.005947559092387281,0.007234734347522532
2325.0,0.007875702632679366,0.007959800685445292,0.007064590537165172,0.007235460647508915
2326.25,0.009378999224287844,0.009454644657692995,0.008529011438621233,0.007236248172363032
2327.5,0.010864198481445741,0.010759371347574325,0.010013396586404065,0.007237097536161064
2328.75,0.011271687025269239,0.011174379329820369,0.010402504957348176,0.007238009355271491
2330.0,0.010258722276208413,0.010228183168644163,0.009233782802268376,0.007238984248515008
2331.25,0.008251977749023013,0.008252349622640393,0.007133155999475045,0.007240022837353055
2332.5,0.006124935132408538,0.006190907791517518,0.005189228852666295,0.007241125746093235
2333.75,0.004778521327476927,0.004845318820579635,0.004086899109065202,0.007242293602118923
2335.0,0.004387694980372888,0.004390821044943234,0.0037190735557366614,0.007243527036143225
2336.25,0.0043041557748228045,0.004304795833851391,0.0036171246504627928,0.00724482668248144
2337.5,0.004358749312993538,0.004363616856626085,0.003670069337489607,0.007246193179345855
2338.75,0.004474020274366502,0.004489902863906775,0.0037774945707149173,0.0072476271691664625
2340.0,0.004736619444654656,0.004657429652787558,0.003966791083546895,0.007249129298929486
2341.25,0.004606349387684185,0.004594735905656008,0.003912549164304072,0.007250700220538744
2342.5,0.004468699899357595,0.004469309055604844,0.003810198178362744,0.00725234059119999
2343.75,0.004356297397505905,0.004348532381349023,0.0036834309813691363,0.007254051073826578
2345.0,0.004176701804883206,0.0041486158793601485,0.0035097422866976306,0.007255832337462844
2346.25,0.004019829428740561,0.003983021093823459,0.0034027221613454166,0.0072576850577351455
2347.5,0.003949989935624433,0.003947701258694509,0.003329709936930082,0.007259609917313294
2348.75,0.0038807010979666837,0.003824135766930591,0.0032636479464682425,0.007261607606403692
2350.0,0.0034279218553836185,0.0034603332718831747,0.0029167294079249315,0.007263678823252632
2351.25,0.0032482414176666363,0.0032543369852520115,0.002771841227364068,0.0072658242746749015
2352.5,0.003196514794672975,0.003220297425564864,0.0026717552594226336,0.007268044676595611
2353.75,0.003182531941611511,0.0032327126629090332,0.0026251565641486445,0.007270340754617384
2355.0,0.0032246669527295634,0.003217755542768968,0.00266307015737949,0.007272713244594154
2356.25,0.003228711205301051,0.0031710338973750525,0.0026250274749087133,0.007275162893233258
2357.5,0.002788687823266635,0.002794160134943075,0.002252557956001298,0.00727769045870597
2358.75,0.002429529257625324,0.002484471002457326,0.001954018599314336,0.007280296711274556
2360.0,0.0025654528159471494,0.0026020293342891893,0.0020873962187109743,0.00728298243393318
2361.25,0.0027091994551834897,0.0026675641076887033,0.0022181796519023184,0.007285748423065059
2362.5,0.0025697200717431337,0.0025918077580489893,0.002118109622262395,0.007288595489107572
2363.75,0.0025509588623836995,0.002628464879911339,0.0020839290553845034,0.007291524457230588
2365.0,0.0027791021661173515,0.0027952577278149583,0.002247118758484325,0.007294536168024318
2366.25,0.0028191335736343246,0.002730642997616273,0.0023177600834372114,0.007297631478198402
2367.5,0.002725160338289253,0.002713500283733693,0.0022230017287056124,0.007300811261283826
2368.75,0.0026865796632704023,0.0027502504244876816,0.002155642638311708,0.00730407640834412
2370.0,0.0027866897160278114,0.0027392124188432066,0.0022558023693236926,0.007307427828693697
2371.25,0.0026587205915451968,0.002645548113021619,0.0021987154687491484,0.007310866450615857
2372.5,0.0025498623040904013,0.002516074434276198,0.0020661241922049793,0.007314393222084248
2373.75,0.0024380985212713747,0.0025232462667299296,0.0018410795978093014,0.007318009111487071
2375.0,0.0024477812638783636,0.0024661859520156274,0.0018309706338719737,0.007321715108346659
2376.25,0.002436132539007834,0.002409712451238154,0.001919398916936804,0.007325512224040415
2377.5,0.0024515302067377263,0.002449081903548972,0.0020200790844898853,0.00732940149251705
2378.75,0.0023546016327233863,0.002404969638357809,0.0019810036606141,0.007333383971002922
2380.0,0.002339839732938013,0.002369101477550672,0.0019527958191552148,0.007337460740708028
2381.25,0.00244648511762554,0.0024054301224685055,0.0019957864653873383,0.0073416329075152815
2382.5,0.0024385088335513163,0.002436775786893241,0.001960602152269025,0.007345901602667829
2383.75,0.002400799871346555,0.00240649655345783,0.001947578570233096,0.007350267983432857
2385.0,0.0024340860454364686,0.002411745862789565,0.0019471769388524109,0.007354733233759834
2386.25,0.002317918999597634,0.002367583560362811,0.0018384444085391474,0.007359298564918548
2387.5,0.002280559144747307,0.002342665218736589,0.0018665945139974573,0.007363965216115734
2388.75,0.0025122077137418788,0.0024334985190862988,0.0020770088525025117,0.007368734455100886
2390.0,0.002626691298593767,0.002584083585548896,0.002136963116621529,0.007373607578737041
2391.25,0.0024570879009233166,0.002415057413678935,0.0020339547517012383,0.007378585913558469
2392.5,0.00227113948412388,0.002308035815398322,0.0019178333434390043,0.007383670816295142
2393.75,0.0023597494033752394,0.002341051178802169,0.001979604462581087,0.007388863674373605
2395.0,0.0022172144164480595,0.002236514957034607,0.0018191787314520516,0.007394165906383061
2396.25,0.002137750787070984,0.002125399462554122,0.0017135698900448775,0.00739957896251324
2397.5,0.0020612325221826774,0.002084529049502313,0.0016591597796934748,0.007405104324957987
2398.75,0.0020209861499633757,0.002063788240379753,0.001668786369579651,0.007410743508280212
2400.0,0.0020354279833569963,0.0020696383406552873,0.0017090991710734182,0.007416498059739954
2401.25,0.0022931246925451915,0.0022538094898710104,0.0018730753110761179,0.0074223695595839155
2402.5,0.0023739482857972056,0.002356061028448917,0.0019316210235153933,0.007428359621289386
2403.75,0.0022295977526567237,0.0022254708640473313,0.0018860040834663562,0.00743446989177011
2405.0,0.0020323621499383614,0.0020506608150323504,0.0017317242211051713,0.007440702051530549
2406.25,0.0019888955717059986,0.0020009265198674105,0.0016421658383201291,0.007447057814774519
2407.5,0.0019035589344800544,0.001973466983591345,0.0015774568375707507,0.0074535389294664665
2408.75,0.0021157300741763475,0.002090957321053159,0.001779734137664327,0.007460147177339055
2410.0,0.002267904241585688,0.0021975987940512126,0.0018947491389033316,0.007466884373848715
2411.25,0.002126450115536372,0.0021206943391865497,0.001829743568775445,0.007473752368073408
2412.5,0.0019668820556302084,0.0020210298455195772,0.0017452689290645728,0.007480753042561365
2413.75,0.0020027677996469428,0.002009300260606834,0.001732161724285523,0.00748788831311491
2415.0,0.0021205847282644227,0.002101857204388898,0.001768354343718348,0.007495160128514401
2416.25,0.002102421699242052,0.0021415077552715445,0.001736102348782328,0.007502570470188506
2417.5,0.0021992346350349053,0.0021542564245100528,0.0018129888264185599,0.007510121351814886
2418.75,0.0021646606320375335,0.0021474212153238447,0.0017758831818778544,0.007517814818859373
2420.0,0.0019668148129778516,0.001940730550817891,0.001692790038431443,0.007525652948049906
2421.25,0.0017591090013995363,0.001762444887562117,0.0015356372657802351,0.0075336378467884746
2422.5,0.001817074408708258,0.001806154567470148,0.0015746827511261155,0.007541771652487922
2423.75,0.0020240365754734834,0.0019882923036851886,0.0017315073136938259,0.0075500565318456685
2425.0,0.0020964794950130657,0.002069876036076149,0.0018134638757431808,0.007558494680051776
2426.25,0.0019983451845847163,0.002026587381156674,0.0017190039688575205,0.007567088319918376
2427.5,0.0019692328376313788,0.001988113838388962,0.0016190513960588797,0.007575839700948185
2428.75,0.0019003454421493433,0.001952521570740488,0.001510346443739602,0.007584751098325003
2430.0,0.0020005172435912737,0.0019863045860858473,0.001619853168678072,0.007593824811838655
2431.25,0.0020953738742046416,0.0020798942156180795,0.0017643728152441553,0.007603063164735637
2432.5,0.002186399892443614,0.0021501298344373558,0.001907293678625509,0.007612468502501172
2433.75,0.0021432232145368125,0.0021420997951635355,0.0018982592832087735,0.007622043191568224
2435.0,0.0021746800776400606,0.0020981321038344115,0.0019123120409463748,0.007631789617955478
2436.25,0.0019483246548755615,0.001930582077350226,0.001672960192511313,0.007641710185839518
2437.5,0.0016751909267457784,0.0017925042884796712,0.0013856378021073212,0.007651807316056473
2438.75,0.001718665597444505,0.001768895420577472,0.0014290140527752936,0.007662083444528927
2440.0,0.002011959913611519,0.0018940394595905019,0.0017050827815738416,0.007672541020639045
2441.25,0.0020123958667882594,0.001988495990483537,0.0017216537924615426,0.007683182505523145
2442.5,0.001972926149490241,0.0020011590167474612,0.0016894418289416775,0.007694010370312891
2443.75,0.0019539601730827008,0.001967183390543572,0.0016824593404715538,0.007705027094307117
2445.0,0.0019621440015258717,0.0019332420024821132,0.0016989062892172608,0.007716235163089928
2446.25,0.0018965984611914277,0.001966221833029576,0.0016508491394909839,0.00772763706658914
2447.5,0.002106170734851664,0.0021082652233543006,0.0018179113542593549,0.007739235297079332
2448.75,0.002253208981109587,0.00217295348720585,0.0019340055593311512,0.007751032347138412
2450.0,0.002200441207609951,0.002156615908627625,0.0018203265059901692,0.0077630307075492525
2451.25,0.001957635343395592,0.001970843222754921,0.0015894354454429533,0.0077752328651655945
2452.5,0.0017074381841623123,0.0017671452040862656,0.0014272884690286688,0.007787641300730719
2453.75,0.001805909886552362,0.001808285986089414,0.0015311150525172134,0.007800258486661841
2455.0,0.0020747615965634666,0.0020382145730513785,0.0017142680722905907,0.00781308688480772
2456.25,0.002271766358885894,0.002234544240922375,0.0018351529551886956,0.007826128944169843
2457.5,0.0020799656085904276,0.002070439851658841,0.001745054131420416,0.007839387098611345
2458.75,0.001950258932181038,0.0019215436806677788,0.0016926069731469154,0.00785286376454321
2460.0,0.0018248537939276287,0.0018187513975566438,0.0015788144744520323,0.007866561338603254
2461.25,0.0017776431566812962,0.0018485576632903504,0.001476900724334705,0.007880482195326425
2462.5,0.0017887437982714,0.0018038633402763225,0.0015135181805837057,0.007894628684817941
2463.75,0.0017333605449068859,0.0016606523862456337,0.0015168323629590615,0.007909003130431873
2465.0,0.0015524877896281603,0.0015309644166273913,0.0013677583482045472,0.007923607826467375
2466.25,0.0014065991095663943,0.0015167019382689374,0.0012128425540530038,0.007938445035876304
2467.5,0.001626854535384407,0.001614083527061593,0.0014297469372888726,0.007953516988005265
2468.75,0.0017339009459783736,0.0016996744396436277,0.0015378328316805227,0.007968825876366003
2470.0,0.0017001786251030879,0.0016822471350373244,0.001498994208037767,0.007984373856447064
2471.25,0.001634491729924423,0.0016510707291449637,0.001400947819112595,0.008000163043571689
2472.5,0.0015563806059462153,0.001570241924862646,0.0013316733964363599,0.008016195510808302
2473.75,0.0014220918122783554,0.0014396308732193188,0.0012365220180955935,0.008032473286941379
2475.0,0.0014292763585449528,0.001415328696209794,0.0012711639455011189,0.008048998354508067
2476.25,0.0014984913303294205,0.0015252748686400018,0.0013299019068847336,0.008065772647907251
2477.5,0.0014826055269937031,0.00151722097952948,0.0013521891866683795,0.008082798051588758
2478.75,0.0014135395905656998,0.0015008191286920796,0.0012946480156426521,0.00810007639832444
2480.0,0.0015789910038975304,0.0015493222018726238,0.0014322787550656625,0.00811760946757261
2481.25,0.0015169263667431543,0.0015286692650348281,0.0014265207998308835,0.008135398983934602
2482.5,0.0015887703440546376,0.0015334066241759303,0.0014747584473665891,0.008153446615714505
2483.75,0.001566964161305974,0.0015913585134097322,0.0014082015418651883,0.008171753973582024
2485.0,0.00167519265814309,0.0016929646946163017,0.0014627366753486068,0.008190322609345433
2486.25,0.001729040607842252,0.0017466921887565017,0.0015394420902261816,0.00820915401483507
2487.5,0.0018708064743234692,0.0018411579085781838,0.0016319482027031783,0.00822824962090344
2488.75,0.001911490849504077,0.0018852146483425284,0.0016110035128458296,0.008247610796543764
2490.0,0.0017947168611940586,0.00179844890219077,0.0015578808209855803,0.008267238848124369
2491.25,0.0017044842235700642,0.0016692009032997046,0.0015334578763779,0.008287135018749076
2492.5,0.0015563713944808247,0.0015343829783324653,0.0014062468361870247,0.008307300487736174
2493.75,0.0014586674560572537,0.0014617385612827672,0.0012879184745220652,0.008327736370219038
2495.0,0.0014789891983839599,0.0015431363825657357,0.0012720348544247532,0.008348443716868126
2496.25,0.0016343619928888297,0.0016541223337842332,0.0014286094810414041,0.00836942351373168
2497.5,0.0017089721747519833,0.0016543977109870584,0.0015035898039702238,0.008390676682198242
2498.75,0.0016645400401688393,0.0016120839524177539,0.0014522410603336495,0.008412204079067585
2500.0,0.00164287016269707,0.0016494578401387873,0.001344439541929207,0.008434006496744119
2501.25,0.0014940876116279005,0.0015258799007213145,0.001250732901250201,0.008456084663527498
2502.5,0.0014282485390319614,0.001413421443429106,0.0012493973689125988,0.008478439244018154
2503.75,0.001347845818961878,0.0013910553632146222,0.0011794261151354924,0.008501070839617632
2505.0,0.0013598879074867105,0.0013479312529488133,0.0012103691355846654,0.00852397998912588
2506.25,0.001145365199852247,0.001185285485738626,0.0010689843151432447,0.008547167169427317
2507.5,0.0009773094360112577,0.0010361417616061126,0.0009285140191418682,0.008570632796260205
2508.75,0.0010583961073297571,0.0011119221552921986,0.0009378026987549218,0.008594377225067855
2510.0,0.0012110667529735325,0.0011746419208569275,0.0010796234073868571,0.00861840075191266
2511.25,0.0012825943266418162,0.0012340747009061904,0.001124738571190784,0.008642703614462335
2512.5,0.0012148209627723943,0.0012212416899044449,0.0010478876094018909,0.008667285993028885
2513.75,0.0010664286683931738,0.0011109273737849258,0.0009548767900471191,0.008692148011658461
2515.0,0.0010535438767172683,0.0010708419693373984,0.0009427360696374743,0.008717289739264503
2516.25,0.001127641685541087,0.0011269178569894762,0.001003503729877686,0.008742711190796957
2517.5,0.00115614254653889,0.0012324184955413372,0.0010228352447645363,0.00876841232843729
2518.75,0.0012898855401375466,0.0013184159491926282,0.0011282497395195775,0.008794393062819391
2520.0,0.001488528170287802,0.0014628026393595638,0.0012741522282757457,0.008820653254258468
2521.25,0.0015597570771753056,0.0014580617509638506,0.0013736690533960086,0.008847192713993047
2522.5,0.0012880176984447012,0.0013083410478614466,0.0012595777693020654,0.008874011205420317
2523.75,0.0013235034681355836,0.00130754368746931,0.001291219539164559,0.008901108445332474
2525.0,0.001466694433756753,0.0014755433076584124,0.001383267696922919,0.008928484105137895
2526.25,0.0016604910677362518,0.0016321136549509035,0.0015371829388787564,0.008956137812058345
2527.5,0.0017731701870298345,0.0016562947548996643,0.0016420979599546975,0.008984069150309212
2528.75,0.0016784885560740456,0.0016655346142715904,0.0015248552855705848,0.009012277662249327
2530.0,0.0014977919177360706,0.0015404757725037482,0.001389475828701111,0.00904076284948989
2531.25,0.001503225714711046,0.0015404264036236897,0.0013741229974160527,0.009069524173972218
2532.5,0.001789778269361236,0.0016988109111412502,0.0015959090933707495,0.009098561058995857
2533.75,0.001884202599641631,0.0018711729287685692,0.0016697101272316723,0.009127872890205214
2535.0,0.0018029899752350432,0.0018206766274150073,0.0016660446396869132,0.009157459016519853
2536.25,0.0017689509520507104,0.001758740316223903,0.001651057163652837,0.00918731875101631
2537.5,0.0016637141029253624,0.0016297271289675219,0.0015817161311853468,0.00921745137175117
2538.75,0.0016783807298121403,0.0016825734973129499,0.0015511662359548677,0.009247856122527561
2540.0,0.0017290067234585415,0.0016833124780730854,0.0015912466697566173,0.009278532213603422
2541.25,0.00161751347903912,0.0015498442037268,0.0015511120612106254,0.009309478822336216
2542.5,0.001309730819785836,0.0013348554243402706,0.0013472072814935242,0.009340695093767237
2543.75,0.0011666287152768309,0.0012285502161498668,0.0012058113435616303,0.009372180141146448
2545.0,0.0012307572592785683,0.0011891966872638726,0.001217678986426907,0.009403933046391585
2546.25,0.0011738056025779517,0.0011541408264400968,0.0011408192447141482,0.009435952860489594
2547.5,0.0012649842153670122,0.0012786050889922241,0.0010711124674950482,0.009468238603833041
2548.75,0.0014972326400625327,0.0014917804911498535,0.0010880972102067154,0.009500789266503381
2550.0,0.0015530527886800604,0.0015817521909189617,0.001019277181515851,0.009533603808487947
2551.25,0.0013914105291781662,0.001432861221212027,0.0009586184856457057,0.00956668115984575
2552.5,0.001138163725565439,0.0011769718956561616,0.0009108606853850468,0.009600020220817922
2553.75,0.0009639472971502239,0.0010006370901919207,0.0008791359721878821,0.009633619861884721
2555.0,0.000933423856876771,0.001002663320576777,0.0008424287847467379,0.00966747892377327
2556.25,0.0009871247651186141,0.0010446779264322303,0.0009049213324847974,0.009701596217417206
2557.5,0.0011928969899541082,0.0011248571780488937,0.0011273015001145492,0.009735970523872726
2558.75,0.0013320508334976851,0.0011805167843622168,0.0012764243877493007,0.009770600594192705
2560.0,0.0011641621505275137,0.00119054708133533,0.0011378927413741367,0.009805485149265382
2561.25,0.0010433539543878054,0.0011458965259476801,0.0010248471133871059,0.009840622879613316
2562.5,0.001197237289499252,0.0012400809723832886,0.0010793393383350097,0.009876012445165328
2563.75,0.0013229306453729865,0.0012594075452365958,0.0011619617677696014,0.0099116524749988
2565.0,0.0012433889707726023,0.0011767185612237784,0.0011453717226670873,0.00994754156705798
2566.25,0.0010642545416664386,0.0010708221774387895,0.0010147256851590206,0.009983678287851294
2567.5,0.000992253778120576,0.0010637198416816027,0.0009085589229930961,0.01002006117213488
2568.75,0.0010057947093500671,0.0011079817134831077,0.0008957906233999437,0.010056688722576724
2570.0,0.0010776507107575625,0.0011284910288119174,0.000992568312728794,0.010093559409418923
2571.25,0.0011527189083982551,0.0011316282477294936,0.001134745416167608,0.010130671670126804
2572.5,0.0011450431417340582,0.0011585006651125037,0.001159105276203228,0.010168023909044682
2573.75,0.0012422174267236945,0.0012721809440714334,0.0012236855439286575,0.01020561449704192
2575.0,0.0014473133583782194,0.001429522684285719,0.0013818626831835074,0.01024344177117491
2576.25,0.0016668690780836022,0.001591460279149011,0.0015647176933176027,0.010281504034351048
2577.5,0.0016023622042474447,0.001653058779087428,0.0015136809921666215,0.01031979955500588
2578.75,0.0017085772723968004,0.0017536650113136197,0.0015956968196204975,0.010358326566796167
2580.0,0.0018548153707994828,0.0018466950140662896,0.0017258543945946954,0.010397083268311633
2581.25,0.0019282013155411575,0.001933951632782534,0.0017630701922622632,0.010436067822806852
2582.5,0.001799877376771693,0.0018071059652017434,0.0017255475335314792,0.010475278357957103
2583.75,0.0019439465044706593,0.0019159308506192557,0.001868660307522649,0.010514712965643573
2585.0,0.0020702010480130096,0.002058266666093658,0.002008657271118767,0.010554369701762267
2586.25,0.0022304147103273954,0.0022597676607567694,0.002087984396984792,0.010594246586073074
2587.5,0.0022819983250774996,0.002286145302639979,0.0021460114947340642,0.01063434160207734
2588.75,0.0022427032311553145,0.002230358477282773,0.0022003032354832495,0.010674652696931757
2590.0,0.0023336171679467508,0.002269799127806934,0.0023626317041370404,0.010715177781403983
2591.25,0.0024467735429096905,0.0024203466431147814,0.002465279588901678,0.010755914729862004
2592.5,0.0025807719828882065,0.0025643559495839067,0.0025528573704811297,0.010796861380314412
2593.75,0.0027191830337107486,0.0027300881201331017,0.002653885340575451,0.010838015534481257
2595.0,0.0029930933478901937,0.0028949623710973617,0.0028531277058778627,0.010879374957918004
2596.25,0.003004239998123536,0.00295199791932188,0.0028752386620545184,0.010920937380180594
2597.5,0.002736093134369336,0.00273514149706315,0.002695751771620539,0.010962700495034963
2598.75,0.002612862713681988,0.002585336927612545,0.0025816936170217587,0.011004661960713048
2600.0,0.0025257394061753095,0.0025216581614722765,0.002502962245343775,0.011046819400214028
2601.25,0.002473117897822388,0.002552613324878769,0.0024695333730426214,0.01108917040165173
2602.5,0.0025248979620104647,0.002587705250262843,0.0025189550810286654,0.011131712518649037
2603.75,0.0026365718855560303,0.002626378073804212,0.0026296722735310103,0.011174443270773705
2605.0,0.00276881205807886,0.002760850309115876,0.002716550570233756,0.011217360144020059
2606.25,0.0029576632026235617,0.0029179419000948696,0.002909358894329927,0.011260460591335772
2607.5,0.0031145561154451136,0.0030493013372351664,0.003054565969253955,0.011303742033190213
2608.75,0.003068629580863572,0.0030750831723467833,0.0030088709534631256,0.01134720185817967
2610.0,0.0030741348307776165,0.003162456980001104,0.0029426578380281104,0.011390837423677773
2611.25,0.003238488626936597,0.0032422744415905136,0.003056520122163422,0.01143464605651721
2612.5,0.0032207908242629416,0.0031148860288492644,0.003093749122590193,0.01147862505371315
2613.75,0.0029575284280179033,0.002963732819886469,0.002889128552050148,0.01152277168321342
2615.0,0.002689061664984759,0.0027473169635117258,0.002623368400223875,0.01156708318468371
2616.25,0.002805056574108619,0.0027863993435994147,0.002676317786742815,0.01161155677031881
2617.5,0.0029165177533327694,0.0029118675924471203,0.0027272150992334134,0.01165618962567812
2618.75,0.002857814860427558,0.002882094696231593,0.002709655589020094,0.011700978910547968
2620.0,0.002751306771299667,0.0028199517767827378,0.0026825166409564284,0.011745921759816473
2621.25,0.002958575319277902,0.002899658036090216,0.002904706780194301,0.01179101528436867
2622.5,0.003026265648007712,0.003044215286765637,0.002866415011726936,0.01183625657199301
2623.75,0.0029484208504294636,0.002987388758966311,0.0028301298393330057,0.011881642688298489
2625.0,0.0031319145117571193,0.0031102737800834286,0.0030334577318663694,0.011927170677632494
2626.25,0.003445276426468786,0.0033763622025371506,0.0032718344887538602,0.011972837564005358
2627.5,0.0033802551035169463,0.0033336094206847084,0.0031917690313359587,0.012018640352010496
2628.75,0.002993040100715465,0.0029704682177132194,0.0029342389174594804,0.012064576027738328
2630.0,0.0028422244089465303,0.002882665762737942,0.002813768075581887,0.012110641559684082
2631.25,0.002870733037275197,0.002900754303200591,0.002809033908429711,0.012156833899635046
2632.5,0.0029588803623494453,0.0029566600603392742,0.0028612791811193404,0.012203149983548774
2633.75,0.0030148672343541663,0.002964686192122477,0.002976968242885974,0.012249586732407005
2635.0,0.003149124967233866,0.003143495286734172,0.003062254395075285,0.012296141053040995
2636.25,0.003230844731279778,0.0032960073209321317,0.003124443985241935,0.012342809838937228
2637.5,0.0033317417120405524,0.003340935468348317,0.003208678333597591,0.012389589970999612
2638.75,0.003281297651962865,0.0032653960006189617,0.0032060879353898357,0.012436478318291701
2640.0,0.0031506406309750245,0.0031340711710191,0.0031141369065884644,0.012483471738724545
2641.25,0.0031222341507046213,0.0031965672770895145,0.0030802488591942043,0.01253056707971498
2642.5,0.003272930641033162,0.003335946218148174,0.0032162456468460493,0.012577761178793133
2643.75,0.00338091856444606,0.0033704458897514298,0.0033880559472855604,0.01262505086416467
2645.0,0.0033920858011512005,0.003357256138009566,0.003452470994684675,0.012672432955225469
2646.25,0.0033369230004235808,0.003362682776291218,0.00340373503385788,0.012719904263018
2647.5,0.0033996577703931477,0.00340373785628444,0.003464525763800087,0.012767461590643634
2648.75,0.003521513134737607,0.0035161362859095604,0.0035689033048696217,0.012815101733609387
2650.0,0.003765194203083901,0.0037231790159183023,0.0037041280758636544,0.012862821480124076
2651.25,0.0037255208049310562,0.003771652180529463,0.003646157208557786,0.01291061761133367
2652.5,0.003884617285289612,0.003869586089129421,0.003745775802054279,0.012958486901498959
2653.75,0.0037549239674264743,0.0037718663521370266,0.0037046702826862687,0.013006426118112722
2655.0,0.0035805162689494198,0.003593287251845476,0.0036308092101531133,0.013054432021957867
2656.25,0.003509474444895311,0.0035291254479937195,0.003599786788241321,0.013102501367104788
2657.5,0.0037076182423838155,0.003690549127635265,0.0037000729386770003,0.013150630900851104
2658.75,0.003838984126949298,0.0039051247941847525,0.003806597184978606,0.013198817363603012
2660.0,0.003987515416427804,0.004020429407457766,0.003993899377780498,0.013247057488701652
2661.25,0.004307914521894899,0.004228430379146155,0.004275786847816455,0.013295348002189077
2662.5,0.004330721591325038,0.004265720462858925,0.004336528820857174,0.013343685622523947
2663.75,0.004070546456275148,0.004127110247218321,0.004182030737670153,0.013392067060249875
2665.0,0.004226404639470832,0.00429656790052707,0.004272198729604867,0.013440489017608649
2666.25,0.004433090239397066,0.004472263348986371,0.004413009849242451,0.013488948188110486
2667.5,0.004645603606392832,0.004584926024921721,0.004603317147686255,0.013537441256065125
2668.75,0.004625827553883284,0.004603175549834203,0.004632545272825809,0.013585964896069117
2670.0,0.004746013060370047,0.004684544159367753,0.004770904981745386,0.01363451577246227
2671.25,0.0046616680157546666,0.004601083362780801,0.004765527225425007,0.013683090538751596
2672.5,0.004711120787863804,0.004650487016944289,0.0047519588617554185,0.013731685837011471
2673.75,0.004752141894903486,0.004729731558782893,0.004675627944608455,0.013780298297257056
2675.0,0.004661899826317663,0.004665958906381131,0.004599550709237488,0.013828924536809522
2676.25,0.004495874199325733,0.004509657284753841,0.004489502198837508,0.013877561159643411
2677.5,0.004441483991649877,0.004477410981972092,0.004409538475752382,0.013926204755727967
2678.75,0.004427495580137233,0.004442696653478096,0.0043802545677885,0.013974851900372651
2680.0,0.004401856108809116,0.004393247788787812,0.0043559253272226015,0.01402349915357585
2681.25,0.00436228332786852,0.004362668077248619,0.004296242752915636,0.014072143059382359
2682.5,0.004376540641332788,0.0043231319480985615,0.004278673064622182,0.014120780145258052
2683.75,0.004160179541716822,0.004230833187627299,0.004105657380492676,0.014169406921491242
2685.0,0.00412159524294819,0.004187406619685664,0.004080339982992408,0.014218019880616542
2686.25,0.004098260523343432,0.004159809780886418,0.0041265976316532775,0.014266615496879187
2687.5,0.004305357752965898,0.00427244027561205,0.004326868019464525,0.014315190225731002
2688.75,0.0045017241543837605,0.004481523682583875,0.004480555735753249,0.014363740503384743
2690.0,0.004744398703191358,0.004672084777914397,0.0046408490797931684,0.014412262746407247
2691.25,0.00462879134709119,0.00455766384041858,0.004583113133611733,0.014460753351379411
2692.5,0.004396377156056127,0.004430840396785502,0.004384567506842035,0.014509208694612658
2693.75,0.004308526725292407,0.0043545756708991456,0.0042835686285286985,0.014557625131936024
2695.0,0.004354916239038072,0.004343190212629885,0.0043632970954877795,0.014605998998557681
2696.25,0.004399750214969519,0.004357876176162121,0.004430593183835058,0.014654326609000061
2697.5,0.004327362152426762,0.004411211695948811,0.004318335832074667,0.014702604257118205
2698.75,0.004445475652665438,0.004542485909240918,0.004359005928829926,0.014750828216209707
2700.0,0.004754340257486715,0.004787383503787638,0.0046646749731618815,0.014798994739203895
2701.25,0.0051591324137906505,0.005116497297286016,0.005080673125302021,0.014847100058957056
2702.5,0.005381332450093932,0.005375625725767674,0.005324387576652909,0.014895140388637675
2703.75,0.005591248427224442,0.005565611281012271,0.005549285635014096,0.014943111922207625
2705.0,0.0057951764223949575,0.005729185728292867,0.005765060504598742,0.014991010835018633
2706.25,0.00594447010284648,0.005879282340379325,0.005887807865240029,0.015038833284498093
2707.5,0.006014839295574073,0.006020519128207427,0.005938164557136483,0.01508657541095227
2708.75,0.0061196550553806305,0.006140520495010953,0.006044046203460195,0.015134233338468323
2710.0,0.006256309367263063,0.006211168134710495,0.006230822208954876,0.015181803175931336
2711.25,0.006384691926529549,0.006316388890109633,0.006353922479350935,0.015229281018140568
2712.5,0.006328363021610098,0.00634742458547988,0.006354866998702321,0.015276662947044889
2713.75,0.006286252701848817,0.006365927095222686,0.006378430521625976,0.0153239450330773
2715.0,0.00640183448793732,0.006473281118218068,0.00653911693456685,0.015371123336597133
2716.25,0.006659730074206036,0.006616893162798875,0.006784741601183018,0.015418193909439803
2717.5,0.00663350873669617,0.00662827099131292,0.0068045064550289955,0.015465152796569697
2718.75,0.006709163598535713,0.006755075606534611,0.00686127276360681,0.015511996037830753
2720.0,0.006695805954620259,0.006750700964690072,0.006891129296222218,0.015558719669798833
2721.25,0.00678534051522566,0.006689044058185419,0.006991012951788122,0.0156053197277235
2722.5,0.006621530539047436,0.0067196739587335385,0.0067852453646233555,0.015651792247572058
2723.75,0.006678291482603132,0.006806427131470105,0.006790151039547722,0.01569813326814814
2725.0,0.00667644819325437,0.0066886224761736985,0.006872940071985055,0.01574433883330379
2726.25,0.006812495228692194,0.006713358305539414,0.006978118790895873,0.015790404994222317
2727.5,0.0067554456202408904,0.006774409750390523,0.006868057970812228,0.015836327811783242
2728.75,0.006744379887218064,0.006716492302847034,0.006851568795023099,0.015882103358987532
2730.0,0.006766766975379959,0.006671206028023072,0.006879760012896283,0.015927727723452346
2731.25,0.006691714587114887,0.0066077044775750765,0.006740875684049417,0.015973197009956464
2732.5,0.006395755160710596,0.006345714509389418,0.006436621853337955,0.01601850734304597
2733.75,0.005989757565576597,0.005941738904021987,0.00600632511464338,0.016063654869671488
2735.0,0.005516171402343898,0.005520610959976822,0.00546519744701253,0.016108635761876988
2736.25,0.005114651516613446,0.005151433355197544,0.005025072914792923,0.016153446219510773
2737.5,0.004757184982635158,0.004752103156556029,0.004687498908944309,0.01619808247296103
2738.75,0.004354091003340771,0.00437197471646305,0.004272309561571429,0.016242540785916356
2740.0,0.003928691703353407,0.004026592277521675,0.0038317092992214384,0.01628681745812952
2741.25,0.0036552866510784062,0.003734297813320216,0.003580946621789833,0.016330908828182368
2742.5,0.0035245822541307426,0.003546272504224634,0.0034390877281188933,0.01637481127625265
2743.75,0.003285829336831566,0.0033397493232445175,0.0031997688270597084,0.016418521226862597
2745.0,0.0031455014051970757,0.0031483073304245054,0.0030395550763417617,0.01646203515161299
2746.25,0.003070071722521756,0.0030163029088099338,0.002883384338101147,0.016505349571883078
2747.5,0.002822688249111277,0.0027717556839521556,0.002592808208257192,0.016548461061501235
2748.75,0.002430115397834691,0.0023999809021685876,0.002243404289066939,0.016591366249371162
2750.0,0.002159842439368049,0.0021661136664668573,0.0019492818335899358,0.016634061822045066
2751.25,0.0020206753010742996,0.002027849230265509,0.0017425894726924732,0.016676544526243276
2752.5,0.0019036691447308132,0.0018898068740696185,0.0016075933977178502,0.016718811171305643
2753.75,0.0017708774693738617,0.0017153428410463948,0.0014829103944901012,0.01676085863157163
2755.0,0.0015195778594928344,0.001551544666337969,0.0012521996523001875,0.016802683848678616
2756.25,0.0012539200129814678,0.0012713640553135737,0.0010641447197328785,0.016844283833773177
2757.5,0.001227185289197761,0.0012110013198719793,0.0010330335040609469,0.01688565566963036
2758.75,0.0012774011555153413,0.0012258924182189444,0.00105778296296253,0.016926796512670726
2760.0,0.001281360903272132,0.0013015230969950161,0.0009805414675660349,0.016967703594865064
2761.25,0.0011721307164378747,0.0012403828269409135,0.000826002209639956,0.017008374225531475
2762.5,0.0010185060275669385,0.0010583638983246977,0.0006902095872769064,0.017048805793006286
2763.75,0.0008884760853081285,0.0008721060191605479,0.0006223446401871777,0.017088995766190947
2765.0,0.0009088938623963383,0.0008941384769431363,0.0005887533266040355,0.01712894169596144
2766.25,0.0008885612976345023,0.0009303240600788843,0.0005481932976481649,0.01716864121644982
2767.5,0.000871259622131715,0.0008803477966007304,0.0005364499250971543,0.017208092046168345
2768.75,0.0008473400197942354,0.0008207939344228833,0.0005347441673520659,0.017247291988990512
2770.0,0.0008559736539824767,0.0008054281433674058,0.0005316959058450501,0.017286238934984027
2771.25,0.0007250487754177673,0.0007278494157353307,0.0004343028014657158,0.017324930861079134
2772.5,0.0007902329380080794,0.0007885636840664947,0.00041667051465648275,0.017363365831576907
2773.75,0.0006844292668833612,0.0006729622504651578,0.0003343078705243183,0.017401541998492
2775.0,0.0005085899927770714,0.0005214085262237386,0.0002354677685165129,0.017439457601725744
2776.25,0.0004580912494222386,0.00045651722222111324,0.00019420418454282055,0.017477110969074686
2777.5,0.0004960418326755363,0.000476472760982761,0.00020181469293525082,0.017514500516053536
2778.75,0.0004164309054911292,0.0003786130729225288,0.00018006109373155504,0.017551624745552205
2780.0,0.0003011876696929093,0.00029820900500474056,0.00011784901738586663,0.017588482247309346
2781.25,0.0003872925537641362,0.0003875149725180025,0.00012806034115793186,0.017625071697217595
2782.5,0.0004095588970989775,0.0003860529586928697,0.00013350982238585478,0.01766139185643241
2783.75,0.00029195204292163543,0.00028211609830245836,9.28719516752548e-05,0.017697441570323102
2785.0,0.00016816923567055427,0.00017276014662265477,4.532108758766521e-05,0.017733219767228355
2786.25,0.00019609327571149668,0.0002014098108093582,5.097571615296661e-05,0.01776872545704566
2787.5,0.0003682288113649095,0.0003802119816830956,0.00011572066645177107,0.017803957729639823
2788.75,0.00038598573049248837,0.000393778626332805,0.00012544654409903268,0.0178389157530801
2790.0,0.00029112455321941155,0.00030770475091162314,8.863334244765234e-05,0.017873598771704795
2791.25,0.0002382346679560906,0.0002559703602085299,6.421982737303112e-05,0.01790800610401795
2792.5,0.0003145160678056658,0.0003559882412268882,8.933939370540922e-05,0.017942137140424648
2793.75,0.0004980439030633349,0.0005382632993902046,0.0001530261544973024,0.01797599134080294
2795.0,0.0005301464723426502,0.0005627230027889681,0.00017178450995011167,0.018009568231920854
2796.25,0.00037280796416772527,0.00042040843743399256,0.0001294916498370885,0.018042867404707084
2797.5,0.0003170450815821446,0.00030469211411664345,0.00016219323073585985,0.018075888511371187
2798.75,0.00032377122414292827,0.00033563978200891687,0.00014051784028385343,0.0181086312623899
2800.0,0.000409655461624611,0.00045182068021133,0.0001374760049626412,0.018141095423361276
2801.25,0.00047333824590430756,0.000498522513946769,0.00015613689870633743,0.01817328081173261
2802.5,0.0003901094491793118,0.00036872545603848576,0.00013023619533888837,0.018205187293414197
2803.75,0.00021465534987765575,0.000207553523239584,6.937968716281268e-05,0.018236814779282254
2805.0,0.00022343877629059207,0.00020010717519952645,6.971886317978551e-05,0.018268163221582562
2806.25,0.00036469960321680936,0.00031612548058137797,0.0001151313792106848,0.018299232610239656
2807.5,0.00038112558805023975,0.0003274699833190319,0.00012099618741548297,0.01833002296908878
2808.75,0.00025640471943262345,0.00020388293236660575,7.823073728018135e-05,0.018360534352031187
2810.0,0.00026062124014163157,0.00018771466419526466,8.085685835588111e-05,0.018390766839125126
2811.25,0.00047153364971845975,0.00041154474566880265,0.000150822222459397,0.01842072053262531
2812.5,0.0005411217491647929,0.0005019748326633226,0.00017250956296652339,0.01845039555298127
2813.75,0.00044417415281688293,0.00043265405116703186,0.0001466598200813311,0.018479792034794638
2815.0,0.0004026471100596312,0.00033341916130694263,0.00015062343481939749,0.018508910122763834
2816.25,0.000397962316848414,0.00034568728394279984,0.00016429150040982363,0.018537749967609894
2817.5,0.0003158655428334731,0.0003681337647215642,0.00014300943127210325,0.018566311722007543
2818.75,0.0004980358316933279,0.0006326787591979262,0.00023269737447944653,0.018594595536514543
2820.0,0.0006897446582056206,0.0008423842409675908,0.0004156677971159854,0.018622601555536685
2821.25,0.0009221739002432595,0.001013702776111007,0.0006926992655482729,0.01865032991330575
2822.5,0.0012683827837627326,0.0012718532448538085,0.0010411822840487293,0.018677780729918797
2823.75,0.0016452904404133414,0.0016206695056137658,0.0014013243811649837,0.018704954107405795
2825.0,0.0017422618492511847,0.0017873249618875946,0.001688135240753499,0.018731850125886244
2826.25,0.0021413954641752928,0.002164469274707095,0.0021878245396637582,0.018758468839769508
2827.5,0.0031688902727527515,0.0031290565264772414,0.0031154771513728368,0.018784810274061477
2828.75,0.004080708853173471,0.003972491011146443,0.004091826285072101,0.01881087442074498
2830.0,0.004775425042127326,0.0047080725668563585,0.004986976529869781,0.01883666123527095
2831.25,0.005761666011667809,0.0057423666468994945,0.006089301112293431,0.018862170633155106
2832.5,0.0070818078682333635,0.00711352981743054,0.0075167268782200015,0.01888740248669404
2833.75,0.008766208922558872,0.008826198002176173,0.00932920456691548,0.018912356621807812
2835.0,0.010881683700762788,0.010920145520653247,0.011673536543485564,0.01893703281501485
2836.25,0.013511606336757869,0.01342938802230534,0.01454839585470542,0.018961430790552267
2837.5,0.016516844332073212,0.016540737775245708,0.017840261771719317,0.0189855502176396
2838.75,0.020389044327823656,0.02041542050014815,0.022033102119567372,0.019009390707901655
2840.0,0.02510024321716508,0.025041925684543838,0.027291737877198942,0.01903295181295376
2841.25,0.030784410141479885,0.030712267359237055,0.03363745024857931,0.01905623302214543
2842.5,0.037478994982717784,0.03754433503727363,0.04089238915270576,0.019079233760489
2843.75,0.04492906213527957,0.04498676827253856,0.04902494081237574,0.019101953386746567
2845.0,0.05281841182453214,0.05289024330426533,0.05749952533523208,0.019124391191717983
2846.25,0.060557294986868536,0.0605595303937986,0.0657652753483448,0.019146546396693144
2847.5,0.06718346244911169,0.06714210802927519,0.07281867686484907,0.019168418152106143
2848.75,0.07211066903517363,0.07201144552753089,0.07806176430583232,0.019190005536366777
2850.0,0.07516205772076606,0.07518227501058102,0.08110423698023812,0.01921130755489261
2851.25,0.07630375179712187,0.07632398395879968,0.08218989145513936,0.019232323139328773
2852.5,0.0761006754896316,0.07605691616888305,0.08174390320966524,0.019253051146959018
2853.75,0.07455592184972874,0.07451464097650987,0.08001542247974512,0.019273490360319837
2855.0,0.07230124197561161,0.07232057083529195,0.07755243195367084,0.019293639486997263
2856.25,0.0699124501363705,0.0700076894911045,0.07488869963285645,0.019313497159628264
2857.5,0.06775413424115487,0.06784097928314398,0.07243490817313285,0.01933306193608397
2858.75,0.06551826446108402,0.06548942376538819,0.07015996302949462,0.019352332299856244
2860.0,0.06323352523741008,0.06318235960231162,0.06790083311174339,0.019371306660624366
2861.25,0.06130809318047815,0.061305919475526445,0.0658374298423246,0.019389983355011284
2862.5,0.059753193320357736,0.05977193764715052,0.06415825063942261,0.019408360647527725
2863.75,0.05900397178483174,0.05886513021497358,0.06319536497203525,0.01942643673169585
2865.0,0.05827395109547097,0.05821446806965867,0.06240856176690872,0.01944420973134963
2866.25,0.05799944697248139,0.0580912169674305,0.06213396634271507,0.019461677702116122
2867.5,0.058537408208080635,0.0586493714875282,0.06274172640232255,0.01947883863305569
2868.75,0.05983721346980425,0.05983911489756544,0.06410786412348428,0.01949569044848174
2870.0,0.06098368093430004,0.06098427127738145,0.06546235525581905,0.019512231009933195
2871.25,0.062347285016903675,0.06239046007520019,0.06690130794731183,0.019528458118308056
2872.5,0.06400757740768452,0.06391516116856617,0.06862409670393718,0.01954436951614029
2873.75,0.06537262557843435,0.06527516559171968,0.07016995532150064,0.019559962890033793
2875.0,0.06652382775491046,0.066550288891077,0.07146502035704623,0.019575235873227615
2876.25,0.06782594631882977,0.06787909027459772,0.07284574367512155,0.01959018604829712
2877.5,0.06906946470116423,0.06908944850030853,0.07424920231157561,0.019604810949983318
2878.75,0.07029078357797146,0.07034107285358303,0.0755446021565643,0.01961910806814281
2880.0,0.07146011112044279,0.07146078059184538,0.07673309494902558,0.01963307485081212
2881.25,0.0722910551814439,0.07223740155352591,0.07765360619158608,0.019646708707380264
2882.5,0.07285545114667079,0.07279952106271129,0.07832229546634674,0.01966000701185866
2883.75,0.07337967258772701,0.07336379231220662,0.07886484738318668,0.01967296710624867
2885.0,0.07389235379304751,0.07391923992154431,0.07925709101226264,0.01968558630399629
2886.25,0.07426819409831532,0.0743549334214658,0.0795925825216357,0.019697861893518565
2887.5,0.07455736842039076,0.07460067310257748,0.07998020393976057,0.019709791141806956
2888.75,0.07490756131155046,0.07483416072252114,0.08040771505188131,0.01972137129809666
2890.0,0.07527141119440138,0.07525795910443014,0.08059362617738992,0.019732599597588867
2891.25,0.07547887154387181,0.07541818163737639,0.08070232036454224,0.01974347326521952
2892.5,0.0753146887176805,0.07523042958770657,0.08058654561392274,0.019753989519473655
2893.75,0.07513884811543906,0.07521873879196928,0.08033018934316423,0.019764145576235632
2895.0,0.07521594784904473,0.07531203478603367,0.08021527943662128,0.019773938652653894
2896.25,0.07508601068379912,0.07513188828251453,0.08017241055489616,0.01978336597103838
2897.5,0.07496542781081574,0.07496536170159034,0.08013419873500459,0.019792424762759164
2898.75,0.07477191562093803,0.07477902654027692,0.07996438032445884,0.019801112272149188
2900.0,0.07484200478369386,0.07476047249504042,0.07988769449218697,0.019809425760408346
2901.25,0.0745410260343827,0.07446478662294653,0.07956158875898374,0.019817362509488495
2902.5,0.07383216963757379,0.07387826478576913,0.07894845399023327,0.019824919825964363
2903.75,0.07330648475894151,0.07337013019548955,0.07847984573620569,0.01983209504487734
2905.0,0.07316061131690464,0.07314215844265198,0.07827632698198901,0.01983888553354645
2906.25,0.07280200671554127,0.07274976227350484,0.07793515863495501,0.01984528869534067
2907.5,0.07237496866987828,0.0724238068595257,0.07746788795995523,0.019851301973401996
2908.75,0.07214655647370215,0.07225243648744137,0.07714582661539683,0.01985692285431363
2910.0,0.07226820572166691,0.07225035562337576,0.07708782113091874,0.019862148871719183
2911.25,0.07204201763793881,0.0719327240444973,0.0768694443275986,0.019866977609866845
2912.5,0.07164508406463016,0.07163857035631188,0.0764587247493277,0.019871406707086224
2913.75,0.0713754114505193,0.07138132645158872,0.07619964648650578,0.019875433859186834
2915.0,0.07140933295467876,0.0712755140945349,0.07617334365552977,0.0198790568227787
2916.25,0.07127278900397198,0.0711861211618576,0.07596448622863186,0.019882273418500452
2917.5,0.07071986295064328,0.0708112231650376,0.07552678168317813,0.01988508153416385
2918.75,0.07048272970309435,0.070592507552813,0.07530208160786815,0.01988747912778993
2920.0,0.07044586244728422,0.070471631028086,0.07526286884630587,0.019889464230556785
2921.25,0.07052515317738847,0.07057079258122147,0.0752599790606624,0.019891034949641943
2922.5,0.07049793303622047,0.07056665391237983,0.07528942944611768,0.019892189470942925
2923.75,0.07063157686794909,0.07059789846140385,0.07542789897985876,0.019892926061705594
2925.0,0.07074235259928849,0.07069846203159182,0.07549341691960967,0.01989324307302748
2926.25,0.07069453163001606,0.07071866413223873,0.07548273919865857,0.01989313894224489
2927.5,0.07064223204113874,0.07067952098079212,0.07552404814689548,0.019892612195202414
2928.75,0.07092619511365492,0.07083824086354763,0.0758241966078362,0.01989166144840484
2930.0,0.07130606603039079,0.07122264970392826,0.07601501029760674,0.019890285411037684
2931.25,0.07120857353071823,0.07113156424471422,0.07584141114691775,0.019888482886869188
2932.5,0.07077549504140007,0.07082651617489455,0.07532108807996758,0.019886252776029012
2933.75,0.06993656861729533,0.07000108767774477,0.07456094214306774,0.01988359407665046
2935.0,0.06883315511970596,0.06888490827033202,0.07349335511903209,0.019880505886394853
2936.25,0.06717041845012542,0.06726925504608504,0.0718960698456243,0.01987698740384915
2937.5,0.06539193202973868,0.06544431589589955,0.06993412165019218,0.019873037929782927
2938.75,0.06319856446730003,0.06317387951019492,0.06743676822862898,0.019868656868297793
2940.0,0.06059044347897809,0.060403228874057496,0.06446809978265848,0.019863843727834382
2941.25,0.05696402849048745,0.056886124954116046,0.060627487548845664,0.019858598122058643
2942.5,0.05297741559706897,0.052949506632451064,0.05651698978556623,0.019852919770625945
2943.75,0.049246775473748824,0.049308098939002044,0.05251670881959807,0.019846808499819388
2945.0,0.046001560592577095,0.04602325168293019,0.048961507991040966,0.019840264243058785
2946.25,0.04287972014849125,0.04301041360241054,0.04560411144603647,0.019833287041304635
2947.5,0.04035654678662374,0.040388123893281426,0.042915705353365106,0.01982587704332391
2948.75,0.038131281676350236,0.038091115711288294,0.040577108257109994,0.019818034505859103
2950.0,0.03614526857130605,0.036079759576639926,0.03863798557963375,0.019809759793661955
2951.25,0.034642146769377435,0.034634805705729875,0.03707582914497916,0.01980105337943031
2952.5,0.033698810539867154,0.033660313252120204,0.036049117715158494,0.019791915843629517
2953.75,0.03292958882764156,0.03293143561889814,0.035155344488223925,0.01978234787420291
2955.0,0.03220405984015192,0.032248556513495834,0.03439412501201489,0.019772350266181998
2956.25,0.03157030990818277,0.031588154876957486,0.03371642263581237,0.019761923921191554
2957.5,0.03082931650033474,0.03087261336437167,0.03296663381949718,0.019751069846862774
2958.75,0.030034583161134255,0.03006653855681276,0.03211065179711144,0.01973978915613515
2960.0,0.029286720963454787,0.029339932149850916,0.03117232791729217,0.01972808306648381
2961.25,0.02846414995564363,0.0284356948168201,0.03024384665057157,0.019715952899040694
2962.5,0.027418175096628417,0.027311050582676393,0.029170439871444426,0.019703400077641018
2963.75,0.026041526146961383,0.025966044309154585,0.027801529928310392,0.019690426127777095
2965.0,0.024826764838107425,0.024882618011126602,0.026379112268012095,0.01967703267547608
2966.25,0.023697248091391513,0.02373420184389253,0.025083465423935386,0.019663221446105307
2967.5,0.02233791582176133,0.022252520364157986,0.023769730349442835,0.01964899426308948
2968.75,0.020898646538442783,0.02083292194374153,0.022311226734775935,0.019634353046572933
2970.0,0.01966329118038775,0.019647056442321845,0.020870897609535505,0.019619299812008315
2971.25,0.01839444424537956,0.018379515747399326,0.01945416815867655,0.0196038366686764
2972.5,0.016935213839877825,0.01698596577072177,0.017939201857511654,0.019587965818155025
2973.75,0.015604244595594986,0.015715643704182953,0.016590526142399583,0.019571689552719578
2975.0,0.014649503740574733,0.014771780661591788,0.015535771334679697,0.01955501025370038
2976.25,0.01403156696461372,0.013966444235833568,0.014791092538433904,0.019537930389781452
2977.5,0.01311785296668506,0.01308894907050462,0.013837203853905522,0.019520452515255707
2978.75,0.012201642855139578,0.012215082923056298,0.012907496645669946,0.019502579268225743
2980.0,0.011365729351375713,0.011443979743237397,0.011987443419220539,0.0194843133687803
2981.25,0.010771403921645897,0.010761434566615609,0.011248029379767608,0.01946565761711702
2982.5,0.009982501745298052,0.00992977961255069,0.01051569549927095,0.019446614891634163
2983.75,0.009327096367617442,0.009253439112010748,0.009819023707163239,0.019427188146992815
2985.0,0.008488711349932806,0.008472610837094899,0.008949118091531712,0.019407380412141045
2986.25,0.007568444045324225,0.007619848249901177,0.00805806134615846,0.01938719478832257
2987.5,0.006883607814849366,0.006915194079323385,0.007383862046088137,0.019366634447050116
2988.75,0.006581604969848413,0.006552983293275881,0.006907654909636509,0.019345702628062615
2990.0,0.006279779372220946,0.006252771552087019,0.006501671633703419,0.019324402637259805
2991.25,0.005922919722271539,0.005912460540336216,0.006183773086409174,0.0193027378446265
2992.5,0.0055919279469698125,0.005553524270353717,0.005907450055513915,0.019280711682134466
2993.75,0.005279801596662111,0.005264030522140993,0.005623080894963977,0.019258327641636392
2995.0,0.005111469990602254,0.005108373668892916,0.005388664142951722,0.019235589272753956
2996.25,0.004683146862931297,0.004646597429338649,0.005110340804532392,0.01921250018075069
2997.5,0.004425033062392427,0.004432568958860701,0.0048547691708642595,0.019189064024404043
2998.75,0.004286820405338361,0.0043245274038340555,0.004696783579078576,0.019165284513878427
3000.0,0.004539502646293414,0.004583366580626226,0.00474687539875929,0.019141165408586486
3001.25,0.0046802968947449106,0.00474237455262577,0.004785800284626504,0.019116710515067047
3002.5,0.004496628902286822,0.004543977076458109,0.004728393759196296,0.019091923684845424
3003.75,0.004326829747303508,0.0043670201146280485,0.00467711363744449,0.019066808812319827
3005.0,0.004111377380130906,0.004118145583752515,0.00454654932881878,0.01904136983263769
3006.25,0.004059576531549851,0.004070851671565434,0.004322417512935986,0.01901561071959164
3007.5,0.003723908268031573,0.0037204151112789894,0.003978654690295709,0.018989535483512912
3008.75,0.003411818935804861,0.0033431368729634754,0.0036678608503176915,0.01896314816919169
3010.0,0.002821520159174935,0.002712987881403039,0.003182477920806295,0.018936452853794857
3011.25,0.0022949034168320494,0.002238931648319839,0.002585720679905654,0.018909453644807683
3012.5,0.0017977174050451113,0.0018059509445631171,0.0020094132638011288,0.01888215467798795
3013.75,0.0015634101762388658,0.001551556449584919,0.0016450173062439216,0.0188545601153377
3015.0,0.0015616279737419663,0.0014969425007211518,0.0014205812384122183,0.018826674143086725
3016.25,0.00134043310786138,0.0013144844666151464,0.0010854777019422186,0.018798500969707522
3017.5,0.0009686537665336987,0.001003785994467398,0.0007364723993134489,0.018770044823942022
3018.75,0.00036030483559039097,0.00044343423876634614,0.00036298056289392586,0.018741309952847177
3020.0,0.0002834543076314135,0.00033139476989169157,0.0002471684654284326,0.018712300619872464
3021.25,0.00022089004452940133,0.0002731418517721428,0.00014789493728847812,0.01868302110295096
3022.5,9.24347298449528e-05,0.00015086987242114838,4.5179801237797046e-05,0.018653475692620266
3023.75,8.02269859780663e-05,0.00011426200809256892,1.857698877298987e-05,0.018623668690167874
3025.0,0.00010900421882134395,0.00012478638890408455,2.761443811650079e-05,0.018593604405797482
3026.25,0.0001407228374437452,0.0001313237852258888,3.720166260519016e-05,0.018563287156832666
3027.5,0.0002421550646988555,0.0002029514519317318,7.2294539049686e-05,0.018532721265931647
3028.75,0.00023644612094323174,0.0002163636526663413,7.41339635989281e-05,0.0185019110593455
3030.0,0.00011599156764613551,9.538523227077619e-05,3.3696385935427914e-05,0.018470860865192795
3031.25,0.0001556037091532167,0.00011931028187406355,4.014885346921714e-05,0.018439575011774616
3032.5,0.00032623683190538446,0.00030662610090010284,9.668856214517418e-05,0.018408057825904274
3033.75,0.00034173282101144945,0.0003207884310632911,0.00010665500853671486,0.018376313631283194
3035.0,0.0001297578651319077,0.0001065130412100647,3.8983690657087615e-05,0.018344346746895036
3036.25,5.2413529280908877e-05,4.701892476265806e-05,1.2136633741549522e-05,0.018312161485432552
3037.5,9.865455099590412e-05,8.974562582901853e-05,2.2843990259790148e-05,0.018279762151762982
3038.75,0.00016023613314926339,0.0001553421755932897,3.710353580221739e-05,0.018247153041413725
3040.0,0.00038375422126208514,0.0003830764235914597,0.00011131841584405896,0.018214338439095895
3041.25,0.0003444755534762529,0.00035273713810876276,0.00010396690410307181,0.0181813226172619
3042.5,0.00031670020284577474,0.00031640867352460887,9.665697179016078e-05,0.018148109834687478
3043.75,0.00011532046015230462,0.0001233369834276042,2.7574019777222415e-05,0.018114704335092487
3045.0,0.00013794074038503493,0.00014137916281142966,3.3658991502517556e-05,0.01808111034579055
3046.25,0.00016307048295912543,0.0001691798675105853,4.0147030101691675e-05,0.018047332076369656
3047.5,0.00016229600651194133,0.00018435520592727066,3.8099227108125846e-05,0.018013373717411227
3048.75,0.0002548472682635475,0.00025558692031750984,7.192328950159057e-05,0.01797923943923533
3050.0,0.0003214596501468015,0.00033209558387850514,9.793725879400392e-05,0.017944933390681175
3051.25,0.00019152245347420533,0.00022699446492299255,5.615330171696362e-05,0.01791045969791845
3052.5,0.00020665604290999768,0.00023222463075928042,6.679033177137851e-05,0.01787582246329404
3053.75,0.0002877606224852597,0.00028407787475186457,0.00011857526391610952,0.017841025764205706
3055.0,0.0005008918996700631,0.00047955566499580045,0.000233831457473395,0.01780607365201536
3056.25,0.0007323504024599035,0.0007203711689054126,0.00030853247810951474,0.01777097015098702
3057.5,0.0005414665868227968,0.000566197936556748,0.00022274083749579998,0.017735719257261313
3058.75,0.0005711872107656394,0.0005918375409847971,0.00026785271960576,0.017700324937859398
3060.0,0.0006714004212646953,0.0006695214553911034,0.0003495577526577533,0.017664791129722093
3061.25,0.000884691196560077,0.000904183106545587,0.00046540722022098016,0.01762912173877422
3062.5,0.0008885453631072511,0.000891819313918996,0.0005374427741055241,0.017593320639024208
3063.75,0.0011211984001106869,0.0011480240532014362,0.0006663948859663919,0.017557391671699247
3065.0,0.0013772714520054869,0.0013328786006258503,0.0008478227422753405,0.01752133864439826
3066.25,0.0015061813817385877,0.0014275163147316832,0.0009487393348293136,0.017485165330288314
3067.5,0.0014204984396444043,0.0013940359062383448,0.0008766654289689419,0.017448875467325188
3068.75,0.0013151721410924165,0.0013484949252875575,0.0007449296035434609,0.017412472757501567
3070.0,0.0016485026991734258,0.0016056111670130426,0.0009090345578896247,0.017375960866131565
3071.25,0.001545899697698724,0.0015462938162390982,0.0008792091126432188,0.017339343421158355
3072.5,0.0016406914079997719,0.0016656388821618049,0.0009560339116677115,0.017302624012494328
3073.75,0.0014782698925408311,0.0014761339062173205,0.0009826621609525087,0.017265806191386342
3075.0,0.0016760927022745607,0.0016331759863619985,0.0011265528295844695,0.017228893469812673
3076.25,0.0016382246095292417,0.00170103741859078,0.0010854012547208893,0.017191889319907144
3077.5,0.001943985718339131,0.0019396289100548278,0.0012616635652446088,0.017154797173405945
3078.75,0.001709138147913951,0.0016344449658896624,0.0012709457661136871,0.01711762042113451
3080.0,0.0017298302500407786,0.001686549273225686,0.0012541706790369321,0.017080362412497545
3081.25,0.001794355327203495,0.0018343994025693023,0.0012201441544614415,0.01704302645502252
3082.5,0.0019792432220719267,0.0019855479774477953,0.0013540508004243322,0.017005615813910364
3083.75,0.002030540481353838,0.0020548116397188804,0.0014603793510046777,0.01696813371161942
3085.0,0.002222301848269945,0.002228640079757371,0.0016209320152750248,0.016930583327468596
3086.25,0.002105255307339623,0.002188606966068891,0.0016531768598457446,0.0168929677972739
3087.5,0.0022177366253533677,0.0022456423165614957,0.0018565319735709262,0.016855290213002368
3088.75,0.002620696693037521,0.002554514671240513,0.002165959394977049,0.016817553622448054
3090.0,0.0030128450821374437,0.0029278031215680717,0.0023774696986315863,0.01677976102893946
3091.25,0.0027967233970033045,0.0028615996434303947,0.0022991858938642903,0.0167419153910632
3092.5,0.0028337261450235686,0.002880901270191434,0.0024212642390030476,0.01670401962240888
3093.75,0.0029778674831747705,0.002887812010360008,0.0026223318627251143,0.016666076591345433
3095.0,0.0029980051814601553,0.0029630229399807096,0.0026101023041169773,0.01662808912080575
3096.25,0.002791508801388747,0.0029234311498802412,0.00251488642584796,0.01659005998810399
3097.5,0.0032072540340262815,0.00327490459511997,0.002833229928027316,0.01655199192476349
3098.75,0.003953291807173381,0.0039018464750261365,0.0033600810694794556,0.01651388761637485
3100.0,0.0038660847321172415,0.003863457553342026,0.0034353081605759624,0.016475749702466343
3101.25,0.0039531665237221665,0.004042023039735555,0.003520970419644668,0.016437580776395542
3102.5,0.00447602001545908,0.004580705909156095,0.0038733079142720594,0.01639938338526158
3103.75,0.005062204160910301,0.005029900391745434,0.004380219406692032,0.0163611600298328
3105.0,0.005240232394250401,0.005228443606572875,0.004681531185402514,0.016322913164495773
3106.25,0.0053716594836779865,0.005311962868479693,0.004967123435630818,0.016284645197217493
3107.5,0.005698852185378377,0.005681873443016163,0.00526849689017037,0.0162463584895297
3108.75,0.006076999224676752,0.006028291917986448,0.005652469015765622,0.016208055356524097
3110.0,0.006528940538436901,0.006491225611201924,0.006009634114571524,0.016169738066869017
3111.25,0.006718067589520122,0.006661478392824401,0.006219005685921761,0.016131408842841023
3112.5,0.007133624688510157,0.007165597827293271,0.0064587579237279855,0.016093069860365024
3113.75,0.007315774703655531,0.007320356479103934,0.006732048570616358,0.016054723249080045
3115.0,0.007533087804497978,0.007515264643450727,0.007031966437305969,0.01601637109241127
3116.25,0.0077366060812882565,0.00768572169959575,0.007293114353079861,0.015978015427659333
3117.5,0.007902473683954105,0.007918798986785887,0.007495444266290197,0.01593965824610403
3118.75,0.008302407737084362,0.008309397207247477,0.007839287205025715,0.015901301493118657
3120.0,0.008773393710074932,0.008786092071379927,0.008206364323576585,0.015862947068298435
3121.25,0.009107142018229004,0.009019329634769622,0.00855042339805921,0.015824596825604453
3122.5,0.009037013103325138,0.008980766804610154,0.008647115243989057,0.015786252573513623
3123.75,0.009438205545172239,0.009515822478154214,0.008837048660301303,0.01574791607518445
3125.0,0.009887255842982643,0.009975462544315014,0.009213882832403479,0.015709589048634297
3126.25,0.010557016166040635,0.01053114656159576,0.00975383102125615,0.015671273166926257
3127.5,0.010989897645314514,0.010967100637754698,0.010210841181979492,0.015632970058366957
3128.75,0.011516280027162155,0.011556938958090412,0.01064878460129543,0.015594681306712387
3130.0,0.01187770823979801,0.011844765422929476,0.011076983609201403,0.015556408451390615
3131.25,0.012237552546139329,0.01220496173602158,0.011423355595528336,0.015518152987725253
3132.5,0.012381581293346444,0.012373353570254287,0.011686103354708963,0.015479916367172835
3133.75,0.012785613276050826,0.012761964367067153,0.012045188110391262,0.015441699997570347
3135.0,0.013139159757554536,0.013087602122850248,0.012389603527344572,0.015403505243387733
3136.25,0.013373929978182647,0.013371360772580044,0.012661416034244845,0.015365333425991909
3137.5,0.013697418160583062,0.013647080873335882,0.012997474703485463,0.015327185823914971
3138.75,0.013827656491188826,0.013821819758108932,0.013216260299958158,0.015289063673135933
3140.0,0.014128906394759258,0.0141524061453008,0.013458262688062836,0.015250968167361318
3141.25,0.014318501017709267,0.014426363589063145,0.013617946638805091,0.0152129004583245
3142.5,0.014768365492562571,0.014760360971239719,0.014032969992458028,0.015174861656077477
3143.75,0.014892359522061353,0.01490306438150206,0.01427129632059971,0.015136852829304902
3145.0,0.015345559452458078,0.015430143275604833,0.014629131590824802,0.015098875005629179
3146.25,0.01552095007322486,0.015701838910346114,0.014955207373755683,0.01506092917193526
3147.5,0.016267129493416906,0.01625080323250329,0.015683952628992547,0.015023016274691305
3148.75,0.017174455433068354,0.01709216741185719,0.01631929805155234,0.01498513722027819
3150.0,0.0178078598516381,0.017813776496118983,0.016738759420331224,0.014947292875328358
3151.25,0.017766247826208927,0.017810830671061272,0.01690615845965133,0.014909484067060346
3152.5,0.017986574485407247,0.017989036841216798,0.017203612678084748,0.014871711583632517
3153.75,0.01823938743135237,0.018269862811451994,0.017506351992746128,0.014833976174484289
3155.0,0.018883096139620612,0.018869359013254414,0.018019042600761998,0.01479627855069571
3156.25,0.019291769587970645,0.01928794460284471,0.018413092215312038,0.01475861938534675
3157.5,0.019623293893032485,0.01961012352590911,0.018737273054991867,0.014720999313878052
3158.75,0.019716600994095577,0.019713408875097014,0.018933178960229217,0.0146834189344579
3160.0,0.020189006355153888,0.020221935859143843,0.019226352697051443,0.014645878808356825
3161.25,0.02026137806286892,0.020314025738541467,0.019384339582355744,0.01460837946031701
3162.5,0.020402263761613474,0.02040835942965082,0.019634898358087193,0.014570921378932547
3163.75,0.02045338329773362,0.020393139028620215,0.019884395803420437,0.014533505017033092
3165.0,0.020668347228854352,0.02062365617678151,0.02013467758591464,0.014496130792064982
3166.25,0.0211167905928967,0.02106403165883903,0.020413508371971013,0.014458799086478973
3167.5,0.021739435448400856,0.021692496792920797,0.02068622873940105,0.014421510248122844
3168.75,0.021687433042540706,0.02166554698173108,0.02073331107030608,0.01438426459063453
3170.0,0.02147680861863257,0.021431329190803643,0.02075608815122191,0.01434706239383468
3171.25,0.02157644574238622,0.021498732084988464,0.020867568265401596,0.014309903904132048
3172.5,0.021412538360658977,0.021349929801518466,0.020811376121892353,0.01427278933491624
3173.75,0.021344051018887786,0.02138365283611484,0.020710219556495654,0.014235718866966719
3175.0,0.021447069330999036,0.021528766620745893,0.02067954766377417,0.014198692648857964
3176.25,0.021481844016859524,0.021481489813155636,0.020696296906633733,0.014161710797365367
3177.5,0.021475616235264675,0.021462163607400882,0.020689563081415892,0.014124773397876123
3178.75,0.0210793082051641,0.02112119574208956,0.020536839930190464,0.014087880504802927
3180.0,0.021342468591635192,0.021349943760826467,0.02066425028498026,0.01405103214199424
3181.25,0.021594192787478636,0.021626784800594573,0.02076494641985236,0.014014228303153575
3182.5,0.02198329352106814,0.022041424564370506,0.020906785078342698,0.0139774689522555
3183.75,0.021809297048720727,0.021762787784238673,0.020939012354148554,0.01394075402396459
3185.0,0.022130461512773626,0.02205032363857268,0.021090644691433156,0.013904083424059627
3186.25,0.022102604008923634,0.022181812717395912,0.02097814804149454,0.01386745702984879
3187.5,0.02171362693331066,0.021815309983232285,0.02083240581387482,0.013830874690604478
3188.75,0.021641031347179852,0.02158283911753976,0.020932940986923537,0.013794336227979322
3190.0,0.021695516145426922,0.021632037132830732,0.0209891508906551,0.013757841436438736
3191.25,0.021874064794958094,0.02187986437917094,0.0209609471503129,0.01372139008368936
3192.5,0.02150357471365957,0.02149576390198531,0.020756353074461536,0.01368498191110683
3193.75,0.02123742030334192,0.021220282690892718,0.02058949821653138,0.013648616634167717
3195.0,0.02094757977683849,0.020994398326381072,0.0203825547405336,0.013612293942884823
3196.25,0.020896461779295876,0.020937976289657597,0.02029353448688221,0.013576013502238415
3197.5,0.020716356515587474,0.020685730946840983,0.020255487776432844,0.013539774952611496
3198.75,0.020562180265079142,0.020526714347502705,0.020218142246549203,0.013503577910228576
3200.0,0.020897761719715933,0.020954200866612087,0.020278527926938187,0.013467421967591767
3201.25,0.021158950753157525,0.021244655597922515,0.020350829702320026,0.01343130669391892
3202.5,0.02117221062370696,0.021160174633119058,0.020444206609178506,0.013395231635585961
3203.75,0.02100038326107831,0.02087295152123305,0.020480471641364597,0.013359196316566638
3205.0,0.02124446135922656,0.021180502198257987,0.020495433839441756,0.01332320023887374
3206.25,0.021117389552388642,0.02110290909617786,0.02037396948399207,0.013287242883005602
3207.5,0.02097288532052784,0.02096408935873855,0.020252068483150528,0.013251323708387375
3208.75,0.021282809357054403,0.02121997259605836,0.020294339068209866,0.013215442153817964
3210.0,0.021292460999028387,0.021306251575815276,0.020141087749156843,0.013179597637918004
3211.25,0.020678329072732846,0.02066000964910355,0.019812993209570105,0.01314378955957448
3212.5,0.02011159129668549,0.02012297231095161,0.019471106776713393,0.013108017298391707
3213.75,0.019953447853141792,0.01991574353663878,0.019316414510774437,0.013072280215140784
3215.0,0.019985043270433107,0.020034808468872876,0.019168389663744297,0.013036577652207204
3216.25,0.019785675311802944,0.019891088999839986,0.01898272181025511,0.013000908934047331
3217.5,0.019584109334089876,0.01966507552644792,0.018864637896286427,0.012965273367638527
3218.75,0.019475823552060484,0.019465377260066422,0.018835305831144466,0.012929670242929403
3220.0,0.019553907995659318,0.019579163842445308,0.01878597959881301,0.012894098833300463
3221.25,0.019524660668234654,0.019573159997030076,0.018684479977384972,0.012858558396014227
3222.5,0.019657489682179743,0.019642226067035154,0.01867842076682382,0.012823048172675372
3223.75,0.019203030895673094,0.019159848400546742,0.01846928353759768,0.012787567389682371
3225.0,0.0187051443820893,0.018705462184439935,0.018218979765859206,0.012752115258691714
3226.25,0.019052667991208697,0.01905353390610986,0.018258020693635316,0.012716690977071867
3227.5,0.019269185041739086,0.01931465501514459,0.018222289497758868,0.01268129372836443
3228.75,0.01888289241670792,0.018889112002154387,0.018024012196357245,0.012645922682745368
3230.0,0.018404205289105816,0.018409116134153632,0.017789232369548606,0.012610576997485136
3231.25,0.01829121552231837,0.01823435371590197,0.01768623187939444,0.01257525581740852
3232.5,0.017962371933634952,0.01797541420724193,0.017430420174420255,0.012539958275361578
3233.75,0.017978289515367434,0.01797404868475903,0.01732646360371337,0.012504683492672178
3235.0,0.018003063260623862,0.018030951161692364,0.0172077689594369,0.012469430579611664
3236.25,0.017955526080136675,0.017906885940202948,0.017142608609177046,0.01243419863586529
3237.5,0.017420505495116315,0.017343786866990576,0.016883321508699138,0.012398986750991842
3238.75,0.016884777882718555,0.01685850970827488,0.016534941861756358,0.01236379400489235
3240.0,0.01656432417573248,0.016616120019213212,0.016237276141296438,0.01232861946827591
3241.25,0.016668113102734382,0.01666476903312272,0.016202258619317882,0.012293462203126543
3242.5,0.016839620758888663,0.016763698558528647,0.01620837394062777,0.012258321263168349
3243.75,0.016728587149443714,0.016731082754891376,0.016020745817226244,0.012223195694339035
3245.0,0.016511747272302233,0.016508767339038735,0.015818477001509887,0.012188084535251238
3246.25,0.01635972356033975,0.01628965932852546,0.015686839616535574,0.012152986817665936
3247.5,0.01599863963711322,0.01597371653749743,0.015420439028623384,0.012117901566959691
3248.75,0.015538065290403856,0.015557181988319166,0.015092151100290331,0.012082827802594646
3250.0,0.01559172676483507,0.015622884011692529,0.01498245835259388,0.01204776453858512
3251.25,0.01595966728698747,0.015945775105253922,0.014995718539019202,0.012012710783973988
3252.5,0.015595692189676207,0.015565872166356779,0.014730215967282106,0.011977665543295102
3253.75,0.015243193244459436,0.01519878689179782,0.014445452664211298,0.011942627817047698
3255.0,0.014679695301242432,0.014639750212139768,0.014083771714648842,0.011907596602165242
3256.25,0.01389496439801396,0.013903878830369708,0.013614993497726699,0.011872570892486719
3257.5,0.013682861649633754,0.01369739637535438,0.013340460296664958,0.011837549679224376
3258.75,0.013692210180016567,0.013778490978863281,0.013112928393393987,0.011802531951436115
3260.0,0.013644142159399568,0.013710863989423484,0.012963824534319976,0.011767516696493719
3261.25,0.013171176838859214,0.013234031115852347,0.01269184354194868,0.011732502900552316
3262.5,0.013353846997538357,0.013368105074518442,0.01265633585086898,0.011697489549022031
3263.75,0.012918378905729434,0.012964240767665452,0.01238055049423373,0.011662475627032652
3265.0,0.01258259895497054,0.01264615028214675,0.01216649547240765,0.011627460119906353
3266.25,0.012320303393259444,0.012378448685264977,0.012017637832803024,0.011592442013622941
3267.5,0.012411567218705418,0.012388279921928274,0.012073139283648017,0.011557420295288445
3268.75,0.012427843580444705,0.012412814071332774,0.012066675134942263,0.011522393953601103
3270.0,0.01273963861018205,0.012717176280767774,0.012082563655535774,0.01148736197931909
3271.25,0.012590559455539716,0.012590679686765529,0.011919900236456935,0.011452323365722127
3272.5,0.012692351974074947,0.012643229461922815,0.011887174515873745,0.011417277109079927
3273.75,0.012595124987116865,0.012552169126714356,0.01177103843636029,0.011382222209111425
3275.0,0.012278116689912093,0.012229771038098847,0.011531061964474409,0.011347157669451302
3276.25,0.011632044133688867,0.011625187273137666,0.011147861894297671,0.011312082498107511
3277.5,0.01146779968297332,0.011483301934552465,0.010928288929673539,0.011276995707921353
3278.75,0.011745371581632625,0.011735129505534183,0.010878518002319412,0.011241896317028292
3280.0,0.011302073930388354,0.011338716271645335,0.010561481363836259,0.011206783349310268
3281.25,0.010985778689090746,0.011047892071810804,0.010310929465945116,0.011171655834856742
3282.5,0.010629579050491963,0.01066059755390871,0.010094496306145031,0.011136512810412834
3283.75,0.010547487171078774,0.010570787222748583,0.010011197478489749,0.011101353319835448
3285.0,0.010112058755318312,0.010117180936187416,0.009836963349322929,0.0110661764145393
3286.25,0.010116642978238869,0.010060677741858379,0.009836562834310095,0.011030981153948039
3287.5,0.010013916877753536,0.009941096975622503,0.009752370441992156,0.010995766605936905
3288.75,0.00987059825894841,0.009873919080546063,0.00954697977650535,0.01096053184727808
3290.0,0.009826160499451574,0.00983182680538714,0.009420878698769791,0.010925275964081393
3291.25,0.009712574713813768,0.00973073116765136,0.009242755177360852,0.01088999805223269
3292.5,0.009647267554141328,0.009670958520158026,0.009119794219067123,0.010854697217828247
3293.75,0.009909248979308479,0.009980407468345307,0.00910739857270105,0.010819372577609423
3295.0,0.00970812231270072,0.009720657499904558,0.009028704686277155,0.010784023259392806
3296.25,0.009187148851860703,0.009204841706434598,0.008796093434544332,0.010748648402495661
3297.5,0.009462239992859231,0.009472959823160574,0.008838645109501973,0.01071324715816084
3298.75,0.0097699311572963,0.00974566243169733,0.008914337846373736,0.010677818689976998
3300.0,0.00980128190281909,0.009806681700040391,0.00886591613385306,0.010642362174295676
3301.25,0.009935913319600876,0.009938449813088338,0.008854472160792687,0.010606876800644224
3302.5,0.010039605463064896,0.010054630352413657,0.008862761358106097,0.010571361772135534
3303.75,0.009216979256431005,0.00921814582071299,0.008572825733440008,0.010535816305874
3305.0,0.008939537127228699,0.008900410395066331,0.008450500619352133,0.010500239633357788
3306.25,0.009163090385492118,0.009144568567777586,0.00847050390313283,0.010464631000873388
3307.5,0.0094036377143282,0.009410586849167383,0.008558777949392242,0.010428989669890348
3308.75,0.009265867816944738,0.009279948397782364,0.008500975828241202,0.010393314917451523
3310.0,0.009023600424934013,0.00896545628903249,0.008429288406921342,0.0103576060365528
3311.25,0.00865649248520216,0.008562901717353032,0.008251247228144774,0.01032186233652464
3312.5,0.008403910570181352,0.008395518389171196,0.008025983659557262,0.010286083143405626
3313.75,0.008147672621236085,0.008215996327039517,0.007796096065207564,0.010250267800309815
3315.0,0.00782918895964056,0.007866850204778553,0.007638892779187888,0.010214415667792107
3316.25,0.007753906490043304,0.007754550195941564,0.0076072881816098125,0.010178526124202928
3317.5,0.008418283660462923,0.008465143480603263,0.007798239474946185,0.010142598566044513
3318.75,0.008604349469806068,0.008617869168789264,0.007940262512847504,0.01010663240831328
3320.0,0.008338771480123717,0.008340406243344499,0.007908230989002975,0.01007062708484289
3321.25,0.008615533206660237,0.00860525750881451,0.008068105503288703,0.010034582048636187
3322.5,0.00914057465016348,0.009095538645298693,0.008288425610643746,0.009998496772196415
3323.75,0.008772864729830562,0.008675378619792291,0.008205233850965981,0.009962370747845766
3325.0,0.008038551004310262,0.008027375449981437,0.007892543081940463,0.009926203488040776
3326.25,0.008071071885813979,0.008053515538405588,0.007890011506506475,0.00988999452568195
3327.5,0.008065568664397092,0.00803993778134644,0.007857181045095519,0.009853743414413235
3328.75,0.008442729781026882,0.00843171297977173,0.007933041135584202,0.009817449728917635
3330.0,0.008781113776063448,0.008807838601363943,0.00795862481746644,0.009781113065203273
3331.25,0.008723598927026625,0.008763142016909298,0.00793269036806993,0.00974473304088304
3332.5,0.008345350111365644,0.008375874404717105,0.007841333643493894,0.009708309295446452
3333.75,0.00846596666972354,0.008403253148150115,0.008014441838807698,0.009671841490524878
3335.0,0.00832154842444916,0.008247648589730773,0.0080074268521441,0.00963532931014831
3336.25,0.007979032546985924,0.007922422475449538,0.007830703705827018,0.00959877246099221
3337.5,0.008372378596009426,0.008368377392223238,0.007861753552953184,0.009562170672620534
3338.75,0.008744136639585759,0.008721062037155666,0.00794799833457598,0.00952552369771559
3340.0,0.008288197497187875,0.008305558565109636,0.007731584368872572,0.009488831312305155
3341.25,0.007861888258896419,0.007875620019180794,0.007530275800178068,0.009452093315974807
3342.5,0.007599679388104879,0.007615975162483215,0.007392420310702742,0.009415309532078184
3343.75,0.007376287461651191,0.007461388338114213,0.0072965299264859266,0.009378479807932367
3345.0,0.007627954064765001,0.007687946576662287,0.007450480946375775,0.009341604015009787
3346.25,0.008367682785133059,0.008347332129448215,0.0078036933582727765,0.00930468204911855
3347.5,0.008353104994897465,0.008308349266032824,0.007812186649737032,0.009267713830571851
3348.75,0.008024670214143444,0.008038779204512915,0.007609584416376321,0.009230699304352946
3350.0,0.008107984076290582,0.008103572202795152,0.007626388604044436,0.009193638440268303
3351.25,0.008272470236746057,0.00819490703112144,0.007736944040941153,0.00915653123308969
3352.5,0.007668300036162307,0.007650857474609255,0.007486915053008735,0.009119377702690003
3353.75,0.007386146508502185,0.007485072391926391,0.007309543596078067,0.009082177894169935
3355.0,0.007732794377697526,0.007796574020245546,0.00744778339020606,0.009044931877969986
3356.25,0.007882826845271798,0.007845104941309085,0.0075782179200087315,0.009007639749979446
3357.5,0.007534512734677254,0.0075598845205453,0.007452366781089255,0.008970301631632734
3358.75,0.008002224350668751,0.008043276876240561,0.007626565823955163,0.008932917669992222
3360.0,0.008740218817572734,0.00866640175657457,0.007973866277991406,0.008895488037829894
3361.25,0.008691861535390364,0.008663393192769441,0.007963165141010815,0.00885801293369181
3362.5,0.007694380786133993,0.007781633875607425,0.0075812231396405715,0.008820492581955185
3363.75,0.008245801048827849,0.008266273201740266,0.007817199757955126,0.008782927232875819
3365.0,0.008215083928001455,0.008192157483737436,0.007891031748495323,0.008745317162625593
3366.25,0.008732972419595544,0.008737002805757114,0.008059052748547565,0.00870766267331854
3367.5,0.008347002543265286,0.008443143318121493,0.007904276851241112,0.008669964093030237
3368.75,0.008634476535584504,0.008672196803749884,0.00810370962809512,0.008632221775803814
3370.0,0.008747483231452993,0.008769081377619775,0.008213118211048453,0.008594436101646686
3371.25,0.009128247274749281,0.00912592363515044,0.008416392149984016,0.008556607476519294
3372.5,0.009129445864205053,0.00907389740937888,0.00850378552746441,0.008518736332311457
3373.75,0.008648551436632155,0.008564841693040268,0.008433405589209837,0.008480823126808357
3375.0,0.008883167751366232,0.008844116174542702,0.008520394136295371,0.00844286834365221
3376.25,0.008912333838861067,0.008888963408323226,0.008540726158834952,0.008404872492285142
3377.5,0.008837390084374641,0.008777789760193578,0.008502280382620304,0.008366836107889259
3378.75,0.008627878803187607,0.008642985354910582,0.008362492044904848,0.008328759751313364
3380.0,0.009100279931160768,0.009101833710161576,0.00854251808240853,0.008290644008990935
3381.25,0.009888467840815856,0.00986001864679596,0.008849045369799219,0.008252489492848946
3382.5,0.009260511562083445,0.009248429207120353,0.00863121092438528,0.008214296840205583
3383.75,0.009584125651850498,0.009602019138209874,0.008692292572768606,0.008176066713658768
3385.0,0.00911352636424233,0.009165176923573857,0.00855209405397355,0.008137799800965536
3386.25,0.0096353702701108,0.009697998869584114,0.008722575459499875,0.008099496814912942
3387.5,0.008938635571988356,0.008954217894396398,0.00849602535826495,0.008061158493175154
3388.75,0.009399096539617183,0.00942251630030129,0.008638751388883032,0.008022785598167251
3390.0,0.009358792079462679,0.009439763281440543,0.008617162500393984,0.007984378916885894
3391.25,0.009460204074529651,0.0095372373595481,0.008671977411485416,0.00794593926074056
3392.5,0.009651264095209142,0.009598129152048041,0.008893569807052509,0.007907467465378093
3393.75,0.009399515671896496,0.009367735303119231,0.008883677674264992,0.007868964390496207
3395.0,0.010081771229490605,0.010096406641256255,0.009163093894991599,0.007830430919649356
3396.25,0.010035591885564743,0.010041989298881344,0.00922376326753754,0.00779186796004567
3397.5,0.009967233020652166,0.009908420237604604,0.009245594187388963,0.007753276442334088
3398.75,0.009297677783974218,0.009302515230462698,0.008976409203119465,0.007714657320383127
3400.0,0.009799292206075566,0.009817458711717499,0.009135560615783906,0.007676011571055087
3401.25,0.010291349075387311,0.010248449532605793,0.00938018152485051,0.0076373401939645045
3402.5,0.010047414292595546,0.010042162256480889,0.00923600558161308,0.007598644211236636
3403.75,0.01000344734711649,0.01004542318569989,0.00918323631519749,0.00755992466725142
3405.0,0.010110369273559471,0.010164806081459825,0.00921137618550621,0.007521182628383231
3406.25,0.01033136920860395,0.010261109094266545,0.009362010818293668,0.00748241918273191
3407.5,0.009449753437883752,0.00939147599039727,0.009046308243971197,0.007443635439845766
3408.75,0.00940160405512544,0.009380615324588502,0.008997917592796311,0.007404832530438661
3410.0,0.009848238608808029,0.009862500892634315,0.009096478097361173,0.00736601160609731
3411.25,0.010090046952220334,0.01014355184386511,0.009156609865777338,0.007327173838983898
3412.5,0.010060000031467096,0.010068164416030605,0.009175531623652406,0.007288320421528897
3413.75,0.009840204614799524,0.009815401188269518,0.00910043798741011,0.007249452566122686
3415.0,0.009987068139412978,0.009943291184926243,0.009149738508135078,0.0072105715047916215
3416.25,0.009645886079155232,0.009649669756710442,0.008996828910470697,0.007171678488877927
3417.5,0.009369948621876562,0.009336131406678206,0.008912579337199099,0.007132774788704072
3418.75,0.008995526802753765,0.009001478682985438,0.008750914468419777,0.007093861693236442
3420.0,0.008817713283766487,0.008829762166298454,0.008698458672192318,0.007054940509742461
3421.25,0.009008729405774482,0.009010204295464076,0.00869229389277469,0.007016012563440517
3422.5,0.009222326878429846,0.009177495161597167,0.008699310437916427,0.0069770791971441775
3423.75,0.00925729403811516,0.009251119589272841,0.008624021758524766,0.006938141770902284
3425.0,0.008798199087786078,0.00876469788520444,0.00844831289783482,0.0068992016616323355
3426.25,0.008475395348400982,0.00848429103425532,0.008255193652806414,0.006860260262752121
3427.5,0.009328562345990232,0.009360657104936432,0.008461726839046354,0.006821318983799934
3428.75,0.01029720778952994,0.010333196837547904,0.008721512374699534,0.006782379250057266
3430.0,0.01019897735440226,0.010176845726170931,0.00868546571584063,0.0067434425021623895
3431.25,0.009392520891980118,0.00935555914740753,0.00838715779163597,0.0067045101957211835
3432.5,0.008641341485651967,0.008688897134110531,0.008053174414386886,0.00666558380091264
3433.75,0.007757638444051344,0.0078368183511759,0.007699295441870522,0.0066266648020928
3435.0,0.007761663209752015,0.007743250249832039,0.007728862632248225,0.006587754697392191
3436.25,0.007761082150177465,0.007681690111019326,0.0077301926908681555,0.006548854998310501
3437.5,0.008391053552467102,0.008367365038046169,0.007812421838349211,0.006509967229310207
3438.75,0.0087056836973199,0.008720713033291623,0.007834718633857549,0.006471092927401073
3440.0,0.00933761197779548,0.009336214900936996,0.007985658275186333,0.006432233641727782
3441.25,0.008539528849700948,0.00854101083795761,0.007640411355216424,0.006393390933152906
3442.5,0.008041398754908597,0.008072518237576562,0.007336165769297487,0.0063545663738337355
3443.75,0.007870356412420383,0.007872149350983812,0.007184723653072585,0.0063157615468003555
3445.0,0.007985197867366947,0.007985317878009653,0.007076218297704136,0.0062769780455312054
3446.25,0.007424324654660603,0.007417695038848155,0.006762161053104232,0.0062382174735250515
3447.5,0.007176674478738247,0.007227176170878127,0.006588157241892487,0.0061994814438687835
3448.75,0.007352067958285009,0.007346257684384838,0.006615342367026463,0.006160771578809295
3450.0,0.0069566937612757585,0.006988808726244632,0.006405964244542216,0.006122089509319544
3451.25,0.00725099355293682,0.007244931672767614,0.006411957501265411,0.006083436874662458
3452.5,0.007173698184081577,0.007209697363738971,0.0062965807912692615,0.006044815321955836
3453.75,0.0069161908485743185,0.006959445646824874,0.00615065903096058,0.006006226505736267
3455.0,0.005904471160669661,0.005906864893270028,0.005801835162904461,0.005967672087518938
3456.25,0.0058392210929583835,0.005805673413467731,0.005724527954174659,0.005929153735360552
3457.5,0.006453507934328862,0.006388183623709334,0.005853356838285377,0.005890673123420716
3458.75,0.0066951181332816165,0.006683581311589307,0.00579632428931771,0.005852231931517589
3460.0,0.006351173066258425,0.0063520611134050605,0.005558574194296522,0.005813831844693319
3461.25,0.0057670081057224955,0.005815354664833961,0.005208994338206196,0.005775474552769887
3462.5,0.006562577850410782,0.006518125407721851,0.0054176213275570805,0.005737161749910078
3463.75,0.007242537648596729,0.007184856907401288,0.005575186629777243,0.005698895134176379
3465.0,0.006764417298254161,0.006751441252657998,0.005292566250805452,0.0056606764070932965
3466.25,0.00549662675177851,0.005540211189628533,0.004744611448298671,0.005622507273205351
3467.5,0.004852998568355428,0.004866152491446186,0.004444328081250532,0.005584389439640967
3468.75,0.005131963892305651,0.005049708512452388,0.004450208946485055,0.005546324615672444
3470.0,0.004561946030985558,0.004453803756659718,0.004079105316750722,0.00550831451228004
3471.25,0.00360791575409491,0.003565917989583971,0.003584113227599167,0.005470360841716347
3472.5,0.003190606264088105,0.0032280163012438985,0.0031979344334210737,0.005432465317072674
3473.75,0.0032215216137800886,0.003278425600987479,0.00302687520755215,0.00539462965184206
3475.0,0.004052145428027782,0.004066534743811378,0.0031632708931592767,0.005356855559492771
3476.25,0.004445234116855897,0.004428768121190708,0.003151245551293926,0.005319144753035095
3477.5,0.0034259304926656676,0.003455468347160729,0.002587240238612141,0.005281498944594825
3478.75,0.0024759213149403046,0.002547870065847074,0.0020760889658215913,0.005243919844985408
3480.0,0.002339134441428384,0.0023071126600161893,0.001930023857758426,0.005206409163284457
3481.25,0.0024743288922721854,0.002435786724931491,0.0018412632662754439,0.005168968606414514
3482.5,0.002364982152276401,0.002374230909528826,0.0015793043761986904,0.005131599878718852
3483.75,0.0018715965968525434,0.001936852739535418,0.0012174914118752785,0.005094304681548415
3485.0,0.001692463158681025,0.0017221591634249492,0.0010431901677767496,0.005057084712845244
3486.25,0.0014753687348256896,0.0014844950899470112,0.0008770829014983464,0.005019941666731159
3487.5,0.0013497335335400276,0.0013732271809288833,0.0006980619722419237,0.004982877233099241
3488.75,0.00074183988141495,0.0008167678366389311,0.00033835596742445254,0.004945893097208332
3490.0,0.0006980828464648905,0.0007520105730745827,0.00023939556478038315,0.004908990939277963
3491.25,0.0008628244954593949,0.000858383875086115,0.0002911542990768437,0.004872172434091983
3492.5,0.0004038808245595277,0.00037156144748322345,0.00013581812318520564,0.004835439250598751
3493.75,0.0006419175184484625,0.0005975888032926508,0.0002111683592991919,0.004798793051521285
3495.0,0.0012398864318609317,0.001207703276692642,0.0004095472070797959,0.004762235492965336
3496.25,0.0016131047511150046,0.0015866722009987959,0.0005390813627425987,0.0047257682240344785
3497.5,0.0013015913474389328,0.001287315927094976,0.0004385729632482662,0.004689392886448317
3498.75,0.0008612329158795185,0.0008789795582322281,0.00029065009334863475,0.004653111114163975
3500.0,0.00047764411472004374,0.00044869641783651577,0.00023031803645289355,0.004616924533000182
